gene,volatile,dose_uM,seed,quiescent_fraction,command_rate_hz,network_rate_hz
WT,isoflurane,10.0,42,0.0,21.3125,6.605833333333333
WT,isoflurane,10.0,137,0.0,20.447916666666668,6.439444444444445
WT,isoflurane,10.0,219,0.0,21.9765625,6.8438888888888885
WT,isoflurane,10.0,7,0.0,20.575520833333332,6.378888888888889
WT,halothane,1000.0,219,1.0,0.8020833333333334,0.2709722222222222
WT,halothane,1000.0,7,1.0,0.6145833333333334,0.2338888888888889
WT,halothane,1000.0,91,0.9791666666666666,0.890625,0.28597222222222224
WT,halothane,3000.0,42,1.0,0.3046875,0.15
WT,halothane,100.0,219,0.0,10.239583333333334,3.0166666666666666
WT,halothane,100.0,7,0.0,9.6328125,2.8469444444444445
WT,halothane,100.0,91,0.0,10.270833333333334,3.026111111111111
WT,halothane,200.0,42,0.125,5.346354166666667,1.5002777777777778
WT,halothane,10.0,91,0.0,21.450520833333332,6.727222222222222
WT,halothane,30.0,42,0.0,17.856770833333332,5.477361111111111
WT,halothane,30.0,137,0.0,17.1015625,5.284861111111111
WT,halothane,30.0,219,0.0,18.5,5.702916666666667
WT,halothane,500.0,7,0.875,1.6041666666666667,0.46875
WT,halothane,500.0,91,0.875,1.7395833333333333,0.5118055555555555
WT,halothane,1000.0,42,0.9791666666666666,0.6770833333333334,0.25027777777777777
WT,halothane,1000.0,137,1.0,0.6927083333333334,0.24694444444444444
WT,halothane,3000.0,137,1.0,0.3098958333333333,0.1473611111111111
WT,halothane,3000.0,219,1.0,0.3125,0.15013888888888888
WT,halothane,3000.0,7,1.0,0.3072916666666667,0.14597222222222223
WT,halothane,3000.0,91,1.0,0.3854166666666667,0.16486111111111112
WT,halothane,350.0,91,0.6666666666666666,2.6848958333333335,0.7669444444444444
WT,halothane,500.0,42,0.8541666666666666,1.625,0.4738888888888889
WT,halothane,500.0,137,0.9166666666666666,1.5078125,0.4584722222222222
WT,halothane,500.0,219,0.7708333333333334,1.6901041666666667,0.5022222222222222
WT,halothane,200.0,137,0.125,5.192708333333333,1.4584722222222222
WT,halothane,200.0,219,0.10416666666666667,5.622395833333333,1.5834722222222222
WT,halothane,200.0,7,0.14583333333333334,5.041666666666667,1.4129166666666666
WT,halothane,200.0,91,0.20833333333333334,5.052083333333333,1.46375
WT,halothane,30.0,7,0.0,17.127604166666668,5.290416666666666
WT,halothane,30.0,91,0.0,18.135416666666668,5.575138888888889
WT,halothane,100.0,42,0.0,10.145833333333334,2.9672222222222224
WT,halothane,100.0,137,0.0,9.395833333333334,2.7840277777777778
WT,halothane,350.0,42,0.5,2.7994791666666665,0.7661111111111111
WT,halothane,350.0,137,0.6458333333333334,2.421875,0.7051388888888889
WT,halothane,350.0,219,0.5416666666666666,2.953125,0.8140277777777778
WT,halothane,350.0,7,0.6041666666666666,2.4479166666666665,0.6968055555555556
WT,isoflurane,10.0,91,0.0,21.049479166666668,6.5905555555555555
WT,isoflurane,30.0,42,0.0,17.5234375,5.355138888888889
WT,isoflurane,30.0,137,0.0,16.372395833333332,5.064722222222223
WT,isoflurane,30.0,219,0.0,18.130208333333332,5.5784722222222225
WT,halothane,10.0,42,0.0,21.598958333333332,6.694583333333333
WT,halothane,10.0,137,0.0,20.614583333333332,6.506388888888889
WT,halothane,10.0,219,0.0,21.950520833333332,6.849722222222222
WT,halothane,10.0,7,0.0,20.875,6.483055555555556
WT,isoflurane,350.0,42,0.5833333333333334,2.7005208333333335,0.73625
WT,isoflurane,350.0,137,0.75,2.2838541666666665,0.66375
WT,isoflurane,350.0,219,0.5625,2.71875,0.7591666666666667
WT,isoflurane,350.0,7,0.625,2.3411458333333335,0.6668055555555555
WT,isoflurane,30.0,7,0.0,16.153645833333332,4.994583333333333
WT,isoflurane,30.0,91,0.0,17.643229166666668,5.408888888888889
WT,isoflurane,100.0,42,0.0,9.888020833333334,2.8641666666666667
WT,isoflurane,100.0,137,0.0,8.791666666666666,2.5965277777777778
WT,isoflurane,350.0,91,0.7083333333333334,2.453125,0.7075
WT,isoflurane,500.0,42,0.8958333333333334,1.5338541666666667,0.4559722222222222
WT,isoflurane,500.0,137,0.9375,1.4505208333333333,0.4373611111111111
WT,isoflurane,500.0,219,0.7916666666666666,1.640625,0.48
WT,isoflurane,500.0,7,0.8958333333333334,1.5,0.44458333333333333
WT,isoflurane,500.0,91,0.8958333333333334,1.6979166666666667,0.4965277777777778
WT,isoflurane,1000.0,42,0.9791666666666666,0.7135416666666666,0.24791666666666667
WT,isoflurane,1000.0,137,1.0,0.7005208333333334,0.24597222222222223
WT,isoflurane,1000.0,219,1.0,0.7890625,0.2648611111111111
WT,isoflurane,1000.0,7,0.9791666666666666,0.703125,0.24083333333333334
WT,isoflurane,1000.0,91,0.9791666666666666,0.8307291666666666,0.27930555555555553
WT,isoflurane,3000.0,42,1.0,0.2942708333333333,0.14763888888888888
WT,isoflurane,200.0,137,0.1875,4.794270833333333,1.3465277777777778
WT,isoflurane,200.0,219,0.1875,5.2578125,1.4744444444444444
WT,isoflurane,200.0,7,0.22916666666666666,4.692708333333333,1.3095833333333333
WT,isoflurane,200.0,91,0.22916666666666666,4.7734375,1.3684722222222223
WT,isoflurane,100.0,219,0.0,9.6953125,2.845833333333333
WT,isoflurane,100.0,7,0.0,8.911458333333334,2.6180555555555554
WT,isoflurane,100.0,91,0.0,9.645833333333334,2.8345833333333332
WT,isoflurane,200.0,42,0.14583333333333334,4.971354166666667,1.388611111111111
WT,sevoflurane,10.0,42,0.0,21.2265625,6.568194444444444
WT,sevoflurane,10.0,137,0.0,20.346354166666668,6.395555555555555
WT,sevoflurane,10.0,219,0.0,21.744791666666668,6.779722222222222
WT,sevoflurane,10.0,7,0.0,20.2421875,6.2780555555555555
WT,isoflurane,3000.0,137,1.0,0.3489583333333333,0.15166666666666667
WT,isoflurane,3000.0,219,1.0,0.4088541666666667,0.15625
WT,isoflurane,3000.0,7,1.0,0.3541666666666667,0.15097222222222223
WT,isoflurane,3000.0,91,1.0,0.4348958333333333,0.16902777777777778
WT,sevoflurane,30.0,7,0.0,15.817708333333334,4.8879166666666665
WT,sevoflurane,30.0,91,0.0,17.401041666666668,5.325833333333334
WT,sevoflurane,100.0,42,0.0,9.294270833333334,2.707638888888889
WT,sevoflurane,100.0,137,0.0,8.505208333333334,2.51125
WT,sevoflurane,10.0,91,0.0,21.0390625,6.576666666666667
WT,sevoflurane,30.0,42,0.0,17.388020833333332,5.30625
WT,sevoflurane,30.0,137,0.0,16.263020833333332,5.005277777777778
WT,sevoflurane,30.0,219,0.0,18.114583333333332,5.551527777777777
WT,sevoflurane,100.0,219,0.0,9.276041666666666,2.7206944444444443
WT,sevoflurane,100.0,7,0.0,8.505208333333334,2.4970833333333333
WT,sevoflurane,100.0,91,0.0,9.270833333333334,2.7143055555555557
WT,sevoflurane,200.0,42,0.125,4.864583333333333,1.3570833333333334
WT,sevoflurane,1000.0,219,1.0,0.8411458333333334,0.2722222222222222
WT,sevoflurane,1000.0,7,0.9583333333333334,0.8723958333333334,0.2733333333333333
WT,sevoflurane,1000.0,91,0.9791666666666666,0.90625,0.2922222222222222
WT,sevoflurane,3000.0,42,1.0,0.375,0.15861111111111112
WT,sevoflurane,3000.0,137,1.0,0.3932291666666667,0.16069444444444445
WT,sevoflurane,3000.0,219,1.0,0.4895833333333333,0.17166666666666666
WT,sevoflurane,3000.0,7,1.0,0.4010416666666667,0.15875
WT,sevoflurane,3000.0,91,1.0,0.5442708333333334,0.18541666666666667
gas-1,halothane,10.0,91,0.0,16.841145833333332,5.185416666666667
gas-1,halothane,30.0,42,0.0,13.4296875,4.077638888888889
gas-1,halothane,30.0,137,0.0,12.416666666666666,3.799027777777778
gas-1,halothane,30.0,219,0.0,13.901041666666666,4.198888888888889
gas-1,halothane,30.0,7,0.0,12.143229166666666,3.703888888888889
gas-1,halothane,30.0,91,0.0,13.645833333333334,4.137777777777778
gas-1,halothane,100.0,42,0.020833333333333332,7.432291666666667,2.132361111111111
gas-1,halothane,100.0,137,0.041666666666666664,6.950520833333333,2.0211111111111113
WT,sevoflurane,200.0,137,0.20833333333333334,4.6796875,1.3152777777777778
WT,sevoflurane,200.0,219,0.1875,5.140625,1.4384722222222222
WT,sevoflurane,200.0,7,0.25,4.552083333333333,1.2680555555555555
WT,sevoflurane,200.0,91,0.22916666666666666,4.7265625,1.3493055555555555
WT,sevoflurane,350.0,42,0.625,2.6015625,0.715
WT,sevoflurane,350.0,137,0.7083333333333334,2.3229166666666665,0.6706944444444445
WT,sevoflurane,350.0,219,0.5416666666666666,2.8411458333333335,0.7833333333333333
WT,sevoflurane,350.0,7,0.6458333333333334,2.3385416666666665,0.6654166666666667
WT,sevoflurane,350.0,91,0.6875,2.4895833333333335,0.7155555555555555
WT,sevoflurane,500.0,42,0.8541666666666666,1.5677083333333333,0.4627777777777778
WT,sevoflurane,500.0,137,0.9166666666666666,1.5494791666666667,0.45625
WT,sevoflurane,500.0,219,0.7916666666666666,1.7161458333333333,0.4934722222222222
WT,sevoflurane,500.0,7,0.875,1.5078125,0.4479166666666667
WT,sevoflurane,500.0,91,0.875,1.7838541666666667,0.5152777777777777
WT,sevoflurane,1000.0,42,0.9791666666666666,0.8203125,0.2658333333333333
WT,sevoflurane,1000.0,137,0.9791666666666666,0.7734375,0.2619444444444444
gas-1,halothane,10.0,42,0.0,16.325520833333332,5.019861111111111
gas-1,halothane,10.0,137,0.0,15.380208333333334,4.784722222222222
gas-1,halothane,10.0,219,0.0,17.234375,5.313055555555556
gas-1,halothane,10.0,7,0.0,15.067708333333334,4.655694444444444
gas-1,halothane,100.0,219,0.020833333333333332,7.614583333333333,2.194166666666667
gas-1,halothane,100.0,7,0.08333333333333333,6.388020833333333,1.8533333333333333
gas-1,halothane,100.0,91,0.041666666666666664,7.2734375,2.09625
gas-1,halothane,200.0,42,0.4375,3.6041666666666665,0.9972222222222222
gas-1,halothane,200.0,137,0.4791666666666667,3.203125,0.9251388888888888
gas-1,halothane,200.0,219,0.3333333333333333,4.002604166666667,1.1055555555555556
gas-1,halothane,200.0,7,0.3958333333333333,3.2708333333333335,0.9083333333333333
gas-1,halothane,200.0,91,0.4583333333333333,3.6328125,1.0161111111111112
gas-1,halothane,350.0,42,0.875,1.6067708333333333,0.4677777777777778
gas-1,halothane,350.0,137,0.9166666666666666,1.6536458333333333,0.47875
gas-1,halothane,350.0,219,0.7708333333333334,1.8489583333333333,0.5225
gas-1,halothane,350.0,7,0.875,1.5078125,0.44569444444444445
gas-1,halothane,1000.0,219,1.0,0.5,0.17833333333333334
gas-1,halothane,1000.0,7,1.0,0.4114583333333333,0.16333333333333333
gas-1,halothane,1000.0,91,1.0,0.5625,0.1926388888888889
gas-1,halothane,3000.0,42,1.0,0.19010416666666666,0.10236111111111111
gas-1,halothane,500.0,7,0.9583333333333334,1.0989583333333333,0.3277777777777778
gas-1,halothane,500.0,91,0.9166666666666666,1.3046875,0.37527777777777777
gas-1,halothane,1000.0,42,1.0,0.3854166666666667,0.1634722222222222
gas-1,halothane,1000.0,137,1.0,0.421875,0.16916666666666666
gas-1,halothane,350.0,91,0.8958333333333334,1.8151041666666667,0.5258333333333334
gas-1,halothane,500.0,42,0.9791666666666666,1.0729166666666667,0.3176388888888889
gas-1,halothane,500.0,137,0.9583333333333334,1.0,0.31472222222222224
gas-1,halothane,500.0,219,0.9791666666666666,1.078125,0.33069444444444446
gas-1,halothane,3000.0,137,1.0,0.20052083333333334,0.10069444444444445
gas-1,halothane,3000.0,219,1.0,0.22916666666666666,0.10708333333333334
gas-1,halothane,3000.0,7,1.0,0.1796875,0.10111111111111111
gas-1,halothane,3000.0,91,1.0,0.25,0.11152777777777778
gas-1,isoflurane,30.0,7,0.0,11.7578125,3.5905555555555555
gas-1,isoflurane,30.0,91,0.0,13.3125,4.03625
gas-1,isoflurane,100.0,42,0.020833333333333332,6.901041666666667,1.9806944444444445
gas-1,isoflurane,100.0,137,0.041666666666666664,6.4765625,1.8609722222222222
gas-1,isoflurane,100.0,219,0.041666666666666664,7.158854166666667,2.054027777777778
gas-1,isoflurane,100.0,7,0.08333333333333333,5.877604166666667,1.7113888888888888
gas-1,isoflurane,100.0,91,0.08333333333333333,6.8515625,1.9768055555555555
gas-1,isoflurane,200.0,42,0.4791666666666667,3.3723958333333335,0.9219444444444445
gas-1,isoflurane,10.0,42,0.0,16.143229166666668,4.960833333333333
gas-1,isoflurane,10.0,137,0.0,15.2734375,4.741527777777778
gas-1,isoflurane,10.0,219,0.0,16.958333333333332,5.216388888888889
gas-1,isoflurane,10.0,7,0.0,14.9140625,4.603472222222222
gas-1,isoflurane,10.0,91,0.0,16.5625,5.100833333333333
gas-1,isoflurane,30.0,42,0.0,13.0546875,3.9505555555555554
gas-1,isoflurane,30.0,137,0.0,11.971354166666666,3.669583333333333
gas-1,isoflurane,30.0,219,0.0,13.528645833333334,4.082638888888889
gas-1,isoflurane,200.0,137,0.5416666666666666,2.9375,0.8541666666666666
gas-1,isoflurane,200.0,219,0.4583333333333333,3.5625,0.9947222222222222
gas-1,isoflurane,200.0,7,0.4375,2.9427083333333335,0.8301388888888889
gas-1,isoflurane,200.0,91,0.5,3.3515625,0.9434722222222223
gas-1,isoflurane,350.0,42,0.875,1.5364583333333333,0.44625
gas-1,isoflurane,350.0,137,0.9375,1.5338541666666667,0.4444444444444444
gas-1,isoflurane,350.0,219,0.7708333333333334,1.7291666666666667,0.49166666666666664
gas-1,isoflurane,350.0,7,0.875,1.4010416666666667,0.41375
gas-1,isoflurane,1000.0,219,1.0,0.5104166666666666,0.17652777777777778
gas-1,isoflurane,1000.0,7,1.0,0.4427083333333333,0.16541666666666666
gas-1,isoflurane,1000.0,91,1.0,0.578125,0.19069444444444444
gas-1,isoflurane,3000.0,42,1.0,0.20052083333333334,0.10430555555555555
gas-1,isoflurane,350.0,91,0.8958333333333334,1.6484375,0.48375
gas-1,isoflurane,500.0,42,0.9791666666666666,1.0208333333333333,0.3036111111111111
gas-1,isoflurane,500.0,137,0.9791666666666666,0.96875,0.30291666666666667
gas-1,isoflurane,500.0,219,0.9583333333333334,1.0729166666666667,0.32305555555555554
gas-1,sevoflurane,10.0,91,0.0,16.46875,5.060416666666667
gas-1,sevoflurane,30.0,42,0.0,12.671875,3.82875
gas-1,sevoflurane,30.0,137,0.0,11.7734375,3.605277777777778
gas-1,sevoflurane,30.0,219,0.0,13.354166666666666,4.027777777777778
gas-1,isoflurane,3000.0,137,1.0,0.24739583333333334,0.10541666666666667
gas-1,isoflurane,3000.0,219,1.0,0.2630208333333333,0.11027777777777778
gas-1,isoflurane,3000.0,7,1.0,0.22135416666666666,0.10444444444444445
gas-1,isoflurane,3000.0,91,1.0,0.2760416666666667,0.11416666666666667
gas-1,isoflurane,500.0,7,0.9375,1.0677083333333333,0.31958333333333333
gas-1,isoflurane,500.0,91,0.9166666666666666,1.2005208333333333,0.3540277777777778
gas-1,isoflurane,1000.0,42,1.0,0.3854166666666667,0.16125
gas-1,isoflurane,1000.0,137,0.9791666666666666,0.4375,0.16944444444444445
gas-1,sevoflurane,10.0,42,0.0,15.893229166666666,4.883194444444444
gas-1,sevoflurane,10.0,137,0.0,15.213541666666666,4.714166666666666
gas-1,sevoflurane,10.0,219,0.0,16.7890625,5.161111111111111
gas-1,sevoflurane,10.0,7,0.0,14.799479166666666,4.5626388888888885
gas-1,sevoflurane,30.0,7,0.0,11.606770833333334,3.525
gas-1,sevoflurane,30.0,91,0.0,13.075520833333334,3.9558333333333335
gas-1,sevoflurane,100.0,42,0.041666666666666664,6.671875,1.9015277777777777
gas-1,sevoflurane,100.0,137,0.041666666666666664,6.216145833333333,1.7851388888888888
gas-1,sevoflurane,350.0,42,0.8958333333333334,1.4973958333333333,0.4361111111111111
gas-1,sevoflurane,350.0,137,0.9375,1.5338541666666667,0.44375
gas-1,sevoflurane,350.0,219,0.7916666666666666,1.7682291666666667,0.49819444444444444
gas-1,sevoflurane,350.0,7,0.875,1.4557291666666667,0.4247222222222222
gas-1,sevoflurane,200.0,137,0.5416666666666666,2.9166666666666665,0.8402777777777778
gas-1,sevoflurane,200.0,219,0.4791666666666667,3.4583333333333335,0.9643055555555555
gas-1,sevoflurane,200.0,7,0.4791666666666667,2.8151041666666665,0.79625
gas-1,sevoflurane,200.0,91,0.5416666666666666,3.15625,0.8944444444444445
gas-1,sevoflurane,1000.0,219,1.0,0.5364583333333334,0.18194444444444444
gas-1,sevoflurane,1000.0,7,1.0,0.5364583333333334,0.17902777777777779
gas-1,sevoflurane,1000.0,91,1.0,0.6432291666666666,0.20402777777777778
gas-1,sevoflurane,3000.0,42,1.0,0.203125,0.10333333333333333
gas-1,sevoflurane,350.0,91,0.8958333333333334,1.6875,0.4911111111111111
gas-1,sevoflurane,500.0,42,0.9791666666666666,1.0364583333333333,0.30694444444444446
gas-1,sevoflurane,500.0,137,0.9791666666666666,0.9635416666666666,0.3020833333333333
gas-1,sevoflurane,500.0,219,0.9583333333333334,1.1328125,0.33611111111111114
gas-2,halothane,10.0,91,0.0,17.9609375,5.563055555555556
gas-2,halothane,30.0,42,0.0,14.611979166666666,4.447638888888889
gas-2,halothane,30.0,137,0.0,14.0390625,4.308472222222222
gas-2,halothane,30.0,219,0.0,15.440104166666666,4.689583333333333
gas-1,sevoflurane,100.0,219,0.041666666666666664,6.854166666666667,1.9659722222222222
gas-1,sevoflurane,100.0,7,0.08333333333333333,5.658854166666667,1.6443055555555555
gas-1,sevoflurane,100.0,91,0.08333333333333333,6.502604166666667,1.8758333333333332
gas-1,sevoflurane,200.0,42,0.5,3.2265625,0.8827777777777778
gas-1,sevoflurane,500.0,7,0.9375,1.0729166666666667,0.31916666666666665
gas-1,sevoflurane,500.0,91,0.9375,1.1588541666666667,0.3491666666666667
gas-1,sevoflurane,1000.0,42,1.0,0.4296875,0.16666666666666666
gas-1,sevoflurane,1000.0,137,1.0,0.4036458333333333,0.16416666666666666
gas-1,sevoflurane,3000.0,137,1.0,0.2760416666666667,0.11180555555555556
gas-1,sevoflurane,3000.0,219,1.0,0.3020833333333333,0.11625
gas-1,sevoflurane,3000.0,7,1.0,0.2265625,0.10680555555555556
gas-1,sevoflurane,3000.0,91,1.0,0.3307291666666667,0.12111111111111111
gas-2,halothane,10.0,42,0.0,17.6640625,5.465416666666667
gas-2,halothane,10.0,137,0.0,17.309895833333332,5.3758333333333335
gas-2,halothane,10.0,219,0.0,18.471354166666668,5.732222222222222
gas-2,halothane,10.0,7,0.0,16.697916666666668,5.195
gas-2,halothane,350.0,42,0.8125,1.90625,0.5444444444444444
gas-2,halothane,350.0,137,0.8958333333333334,1.8255208333333333,0.5406944444444445
gas-2,halothane,350.0,219,0.7083333333333334,2.0807291666666665,0.5947222222222223
gas-2,halothane,350.0,7,0.8333333333333334,1.7994791666666667,0.52
gas-2,halothane,30.0,7,0.0,13.640625,4.16625
gas-2,halothane,30.0,91,0.0,15.234375,4.622638888888889
gas-2,halothane,100.0,42,0.020833333333333332,8.234375,2.380138888888889
gas-2,halothane,100.0,137,0.0,7.716145833333333,2.254861111111111
gas-2,halothane,500.0,7,0.9375,1.2395833333333333,0.36333333333333334
gas-2,halothane,500.0,91,0.9166666666666666,1.3619791666666667,0.40555555555555556
gas-2,halothane,1000.0,42,0.9791666666666666,0.5026041666666666,0.1938888888888889
gas-2,halothane,1000.0,137,1.0,0.4791666666666667,0.18902777777777777
gas-2,halothane,200.0,137,0.375,3.875,1.1011111111111112
gas-2,halothane,200.0,219,0.20833333333333334,4.598958333333333,1.2768055555555555
gas-2,halothane,200.0,7,0.3333333333333333,3.7864583333333335,1.056111111111111
gas-2,halothane,200.0,91,0.375,4.0546875,1.1531944444444444
gas-2,halothane,3000.0,137,1.0,0.21875,0.11430555555555555
gas-2,halothane,3000.0,219,1.0,0.24479166666666666,0.11972222222222222
gas-2,halothane,3000.0,7,1.0,0.19010416666666666,0.11138888888888888
gas-2,halothane,3000.0,91,1.0,0.2786458333333333,0.12791666666666668
gas-2,halothane,100.0,219,0.0,8.286458333333334,2.4143055555555555
gas-2,halothane,100.0,7,0.020833333333333332,7.203125,2.1175
gas-2,halothane,100.0,91,0.020833333333333332,8.221354166666666,2.385
gas-2,halothane,200.0,42,0.2708333333333333,4.208333333333333,1.1665277777777778
gas-2,halothane,1000.0,219,1.0,0.578125,0.20291666666666666
gas-2,halothane,1000.0,7,1.0,0.4869791666666667,0.18888888888888888
gas-2,halothane,1000.0,91,1.0,0.6119791666666666,0.21694444444444444
gas-2,halothane,3000.0,42,1.0,0.2265625,0.11722222222222223
gas-2,halothane,350.0,91,0.7916666666666666,2.109375,0.6030555555555556
gas-2,halothane,500.0,42,0.9583333333333334,1.1901041666666667,0.36236111111111113
gas-2,halothane,500.0,137,0.9583333333333334,1.1614583333333333,0.35583333333333333
gas-2,halothane,500.0,219,0.9166666666666666,1.3463541666666667,0.39361111111111113
gas-2,isoflurane,100.0,219,0.0,7.893229166666667,2.2831944444444443
gas-2,isoflurane,100.0,7,0.020833333333333332,6.721354166666667,1.968888888888889
gas-2,isoflurane,100.0,91,0.020833333333333332,7.7421875,2.2305555555555556
gas-2,isoflurane,200.0,42,0.3125,3.8072916666666665,1.0554166666666667
gas-2,isoflurane,200.0,137,0.375,3.546875,1.0127777777777778
gas-2,isoflurane,200.0,219,0.25,4.25,1.175
gas-2,isoflurane,200.0,7,0.3541666666666667,3.4322916666666665,0.9620833333333333
gas-2,isoflurane,200.0,91,0.3958333333333333,3.8072916666666665,1.0725
gas-2,isoflurane,10.0,42,0.0,17.59375,5.439166666666667
gas-2,isoflurane,10.0,137,0.0,17.098958333333332,5.307083333333333
gas-2,isoflurane,10.0,219,0.0,18.239583333333332,5.663055555555555
gas-2,isoflurane,10.0,7,0.0,16.580729166666668,5.154444444444445
gas-2,isoflurane,10.0,91,0.0,17.817708333333332,5.5129166666666665
gas-2,isoflurane,30.0,42,0.0,14.239583333333334,4.326666666666667
gas-2,isoflurane,30.0,137,0.0,13.5546875,4.165416666666666
gas-2,isoflurane,30.0,219,0.0,15.075520833333334,4.5625
gas-2,isoflurane,500.0,7,0.9375,1.1848958333333333,0.3486111111111111
gas-2,isoflurane,500.0,91,0.9166666666666666,1.3515625,0.3972222222222222
gas-2,isoflurane,1000.0,42,0.9791666666666666,0.5260416666666666,0.19361111111111112
gas-2,isoflurane,1000.0,137,0.9791666666666666,0.53125,0.19402777777777777
gas-2,isoflurane,1000.0,219,1.0,0.5989583333333334,0.20125
gas-2,isoflurane,1000.0,7,1.0,0.5338541666666666,0.1909722222222222
gas-2,isoflurane,1000.0,91,1.0,0.6197916666666666,0.215
gas-2,isoflurane,3000.0,42,1.0,0.21354166666666666,0.11625
gas-2,isoflurane,30.0,7,0.0,13.15625,4.015833333333333
gas-2,isoflurane,30.0,91,0.0,14.752604166666666,4.482916666666667
gas-2,isoflurane,100.0,42,0.020833333333333332,7.783854166666667,2.2352777777777777
gas-2,isoflurane,100.0,137,0.020833333333333332,7.127604166666667,2.088888888888889
gas-2,isoflurane,350.0,42,0.8125,1.7994791666666667,0.5168055555555555
gas-2,isoflurane,350.0,137,0.8958333333333334,1.7421875,0.5091666666666667
gas-2,isoflurane,350.0,219,0.75,2.0026041666666665,0.5644444444444444
gas-2,isoflurane,350.0,7,0.8541666666666666,1.7005208333333333,0.4938888888888889
gas-2,isoflurane,350.0,91,0.8333333333333334,1.9869791666666667,0.5709722222222222
gas-2,isoflurane,500.0,42,0.9791666666666666,1.1380208333333333,0.34041666666666665
gas-2,isoflurane,500.0,137,0.9791666666666666,1.0520833333333333,0.33361111111111114
gas-2,isoflurane,500.0,219,0.9166666666666666,1.2265625,0.3705555555555556
gas-2,isoflurane,3000.0,137,1.0,0.2708333333333333,0.12055555555555555
gas-2,isoflurane,3000.0,219,1.0,0.28125,0.12236111111111111
gas-2,isoflurane,3000.0,7,1.0,0.24739583333333334,0.11805555555555555
gas-2,isoflurane,3000.0,91,1.0,0.3072916666666667,0.13027777777777777
gas-2,sevoflurane,30.0,7,0.0,12.921875,3.933611111111111
gas-2,sevoflurane,30.0,91,0.0,14.424479166666666,4.379861111111111
gas-2,sevoflurane,100.0,42,0.020833333333333332,7.458333333333333,2.1366666666666667
gas-2,sevoflurane,100.0,137,0.020833333333333332,6.9609375,2.029861111111111
gas-2,sevoflurane,10.0,42,0.0,17.528645833333332,5.408611111111111
gas-2,sevoflurane,10.0,137,0.0,16.9375,5.255138888888889
gas-2,sevoflurane,10.0,219,0.0,18.3515625,5.682916666666666
gas-2,sevoflurane,10.0,7,0.0,16.401041666666668,5.100416666666667
gas-2,sevoflurane,200.0,137,0.4375,3.28125,0.9519444444444445
gas-2,sevoflurane,200.0,219,0.3333333333333333,4.033854166666667,1.1183333333333334
gas-2,sevoflurane,200.0,7,0.375,3.3359375,0.9319444444444445
gas-2,sevoflurane,200.0,91,0.3958333333333333,3.65625,1.0304166666666668
gas-2,sevoflurane,350.0,91,0.8333333333333334,1.9921875,0.5684722222222223
gas-2,sevoflurane,500.0,42,0.9791666666666666,1.1588541666666667,0.34347222222222223
gas-2,sevoflurane,500.0,137,0.9791666666666666,1.0859375,0.3397222222222222
gas-2,sevoflurane,500.0,219,0.9375,1.2369791666666667,0.37375
gas-2,sevoflurane,100.0,219,0.0,7.5859375,2.1893055555555554
gas-2,sevoflurane,100.0,7,0.020833333333333332,6.463541666666667,1.8894444444444445
gas-2,sevoflurane,100.0,91,0.0625,7.3515625,2.129583333333333
gas-2,sevoflurane,200.0,42,0.4375,3.7083333333333335,1.024861111111111
gas-2,sevoflurane,10.0,91,0.0,17.830729166666668,5.507083333333333
gas-2,sevoflurane,30.0,42,0.0,14.015625,4.258611111111111
gas-2,sevoflurane,30.0,137,0.0,13.263020833333334,4.059166666666667
gas-2,sevoflurane,30.0,219,0.0,14.8125,4.478472222222222
gas-2,sevoflurane,3000.0,137,1.0,0.296875,0.12652777777777777
gas-2,sevoflurane,3000.0,219,1.0,0.3515625,0.1325
gas-2,sevoflurane,3000.0,7,1.0,0.265625,0.12222222222222222
gas-2,sevoflurane,3000.0,91,1.0,0.3671875,0.13805555555555554
gas-2,sevoflurane,350.0,42,0.8125,1.7890625,0.5125
gas-2,sevoflurane,350.0,137,0.8958333333333334,1.78125,0.5151388888888889
gas-2,sevoflurane,350.0,219,0.75,2.0052083333333335,0.5668055555555556
gas-2,sevoflurane,350.0,7,0.8541666666666666,1.6588541666666667,0.4831944444444444
nduf-6,halothane,10.0,91,0.0,17.40625,5.3684722222222225
nduf-6,halothane,30.0,42,0.0,13.989583333333334,4.255694444444444
nduf-6,halothane,30.0,137,0.0,13.338541666666666,4.082361111111111
nduf-6,halothane,30.0,219,0.0,14.731770833333334,4.458888888888889
gas-2,sevoflurane,500.0,7,0.9166666666666666,1.1875,0.34902777777777777
gas-2,sevoflurane,500.0,91,0.9166666666666666,1.4192708333333333,0.40944444444444444
gas-2,sevoflurane,1000.0,42,0.9791666666666666,0.5859375,0.2001388888888889
gas-2,sevoflurane,1000.0,137,1.0,0.5078125,0.19277777777777777
gas-2,sevoflurane,1000.0,219,1.0,0.6354166666666666,0.20958333333333334
gas-2,sevoflurane,1000.0,7,1.0,0.5911458333333334,0.19902777777777778
gas-2,sevoflurane,1000.0,91,1.0,0.6953125,0.23069444444444445
gas-2,sevoflurane,3000.0,42,1.0,0.28125,0.12472222222222222
nduf-6,halothane,200.0,137,0.375,3.65625,1.04
nduf-6,halothane,200.0,219,0.25,4.236979166666667,1.1752777777777779
nduf-6,halothane,200.0,7,0.3333333333333333,3.4973958333333335,0.9784722222222222
nduf-6,halothane,200.0,91,0.3958333333333333,3.8020833333333335,1.0788888888888888
nduf-6,halothane,350.0,42,0.8333333333333334,1.7526041666666667,0.505
nduf-6,halothane,350.0,137,0.8958333333333334,1.703125,0.5015277777777778
nduf-6,halothane,350.0,219,0.75,1.9869791666666667,0.5605555555555556
nduf-6,halothane,350.0,7,0.875,1.6276041666666667,0.4791666666666667
nduf-6,halothane,10.0,42,0.0,17.1640625,5.29
nduf-6,halothane,10.0,137,0.0,16.192708333333332,5.0344444444444445
nduf-6,halothane,10.0,219,0.0,17.734375,5.499305555555556
nduf-6,halothane,10.0,7,0.0,15.890625,4.929166666666666
nduf-6,halothane,1000.0,219,1.0,0.5520833333333334,0.19236111111111112
nduf-6,halothane,1000.0,7,1.0,0.4791666666666667,0.17958333333333334
nduf-6,halothane,1000.0,91,1.0,0.578125,0.2048611111111111
nduf-6,halothane,3000.0,42,1.0,0.203125,0.11
nduf-6,halothane,100.0,219,0.0,7.90625,2.289722222222222
nduf-6,halothane,100.0,7,0.020833333333333332,6.791666666666667,1.989861111111111
nduf-6,halothane,100.0,91,0.020833333333333332,7.861979166666667,2.2629166666666665
nduf-6,halothane,200.0,42,0.3125,3.8541666666666665,1.070138888888889
nduf-6,isoflurane,10.0,42,0.0,16.71875,5.1651388888888885
nduf-6,isoflurane,10.0,137,0.0,16.1640625,5.0159722222222225
nduf-6,isoflurane,10.0,219,0.0,17.4375,5.4070833333333335
nduf-6,isoflurane,10.0,7,0.0,15.619791666666666,4.840833333333333
nduf-6,halothane,30.0,7,0.0,12.916666666666666,3.9322222222222223
nduf-6,halothane,30.0,91,0.0,14.489583333333334,4.399305555555555
nduf-6,halothane,100.0,42,0.020833333333333332,7.90625,2.2704166666666667
nduf-6,halothane,100.0,137,0.020833333333333332,7.15625,2.0997222222222223
nduf-6,halothane,350.0,91,0.8541666666666666,1.8932291666666667,0.5541666666666667
nduf-6,halothane,500.0,42,0.9791666666666666,1.1015625,0.3333333333333333
nduf-6,halothane,500.0,137,0.9583333333333334,1.0677083333333333,0.3348611111111111
nduf-6,halothane,500.0,219,0.9583333333333334,1.1302083333333333,0.3497222222222222
nduf-6,halothane,500.0,7,0.9583333333333334,1.1302083333333333,0.3401388888888889
nduf-6,halothane,500.0,91,0.9166666666666666,1.3203125,0.38902777777777775
nduf-6,halothane,1000.0,42,0.9791666666666666,0.484375,0.18375
nduf-6,halothane,1000.0,137,1.0,0.46875,0.18097222222222223
nduf-6,isoflurane,100.0,219,0.020833333333333332,7.5546875,2.1766666666666667
nduf-6,isoflurane,100.0,7,0.08333333333333333,6.380208333333333,1.8502777777777777
nduf-6,isoflurane,100.0,91,0.0625,7.234375,2.087222222222222
nduf-6,isoflurane,200.0,42,0.4375,3.5572916666666665,0.9818055555555556
nduf-6,isoflurane,10.0,91,0.0,17.244791666666668,5.3125
nduf-6,isoflurane,30.0,42,0.0,13.669270833333334,4.154027777777777
nduf-6,isoflurane,30.0,137,0.0,12.924479166666666,3.9430555555555555
nduf-6,isoflurane,30.0,219,0.0,14.2265625,4.298611111111111
nduf-6,isoflurane,200.0,137,0.5,3.1614583333333335,0.9130555555555555
nduf-6,isoflurane,200.0,219,0.3958333333333333,3.8828125,1.0783333333333334
nduf-6,isoflurane,200.0,7,0.3958333333333333,3.2369791666666665,0.8994444444444445
nduf-6,isoflurane,200.0,91,0.4583333333333333,3.6067708333333335,1.0122222222222221
nduf-6,halothane,3000.0,137,1.0,0.21875,0.10819444444444444
nduf-6,halothane,3000.0,219,1.0,0.23958333333333334,0.11430555555555555
nduf-6,halothane,3000.0,7,1.0,0.18489583333333334,0.10680555555555556
nduf-6,halothane,3000.0,91,1.0,0.2682291666666667,0.12111111111111111
nduf-6,isoflurane,350.0,91,0.875,1.8723958333333333,0.5348611111111111
nduf-6,isoflurane,500.0,42,0.9791666666666666,1.0598958333333333,0.3194444444444444
nduf-6,isoflurane,500.0,137,0.9791666666666666,1.0052083333333333,0.3169444444444444
nduf-6,isoflurane,500.0,219,0.9375,1.1614583333333333,0.34875
nduf-6,isoflurane,30.0,7,0.0,12.5859375,3.831111111111111
nduf-6,isoflurane,30.0,91,0.0,14.15625,4.285416666666666
nduf-6,isoflurane,100.0,42,0.020833333333333332,7.419270833333333,2.125
nduf-6,isoflurane,100.0,137,0.041666666666666664,6.8671875,1.9940277777777777
nduf-6,isoflurane,1000.0,219,1.0,0.5286458333333334,0.18541666666666667
nduf-6,isoflurane,1000.0,7,1.0,0.4739583333333333,0.17472222222222222
nduf-6,isoflurane,1000.0,91,1.0,0.6171875,0.20333333333333334
nduf-6,isoflurane,3000.0,42,1.0,0.2265625,0.11319444444444444
nduf-6,isoflurane,350.0,42,0.875,1.59375,0.46569444444444447
nduf-6,isoflurane,350.0,137,0.9166666666666666,1.6822916666666667,0.48375
nduf-6,isoflurane,350.0,219,0.75,1.9427083333333333,0.5398611111111111
nduf-6,isoflurane,350.0,7,0.8541666666666666,1.5,0.44472222222222224
nduf-6,sevoflurane,30.0,7,0.0,12.390625,3.7620833333333334
nduf-6,sevoflurane,30.0,91,0.0,13.872395833333334,4.190277777777778
nduf-6,sevoflurane,100.0,42,0.020833333333333332,7.059895833333333,2.024027777777778
nduf-6,sevoflurane,100.0,137,0.041666666666666664,6.604166666666667,1.9058333333333333
nduf-6,sevoflurane,100.0,219,0.041666666666666664,7.260416666666667,2.0893055555555557
nduf-6,sevoflurane,100.0,7,0.0625,6.106770833333333,1.7755555555555556
nduf-6,sevoflurane,100.0,91,0.08333333333333333,6.8125,1.976388888888889
nduf-6,sevoflurane,200.0,42,0.4583333333333333,3.3958333333333335,0.9384722222222223
nduf-6,isoflurane,500.0,7,0.9375,1.1171875,0.3329166666666667
nduf-6,isoflurane,500.0,91,0.9166666666666666,1.3307291666666667,0.38305555555555554
nduf-6,isoflurane,1000.0,42,1.0,0.4270833333333333,0.17333333333333334
nduf-6,isoflurane,1000.0,137,0.9791666666666666,0.5026041666666666,0.18430555555555556
nduf-6,isoflurane,3000.0,137,1.0,0.2578125,0.1123611111111111
nduf-6,isoflurane,3000.0,219,1.0,0.265625,0.11666666666666667
nduf-6,isoflurane,3000.0,7,1.0,0.2265625,0.11041666666666666
nduf-6,isoflurane,3000.0,91,1.0,0.296875,0.12319444444444444
nduf-6,sevoflurane,10.0,42,0.0,16.611979166666668,5.123472222222222
nduf-6,sevoflurane,10.0,137,0.0,15.994791666666666,4.967222222222222
nduf-6,sevoflurane,10.0,219,0.0,17.546875,5.430694444444445
nduf-6,sevoflurane,10.0,7,0.0,15.515625,4.800972222222223
nduf-6,sevoflurane,350.0,91,0.875,1.8072916666666667,0.5231944444444444
nduf-6,sevoflurane,500.0,42,0.9791666666666666,1.0807291666666667,0.3240277777777778
nduf-6,sevoflurane,500.0,137,0.9791666666666666,1.0208333333333333,0.31777777777777777
nduf-6,sevoflurane,500.0,219,0.9375,1.2109375,0.3590277777777778
nduf-6,sevoflurane,200.0,137,0.5,3.0755208333333335,0.88375
nduf-6,sevoflurane,200.0,219,0.4375,3.7057291666666665,1.0319444444444446
nduf-6,sevoflurane,200.0,7,0.3958333333333333,3.1015625,0.8684722222222222
nduf-6,sevoflurane,200.0,91,0.4791666666666667,3.5234375,0.9879166666666667
nduf-6,sevoflurane,10.0,91,0.0,17.283854166666668,5.319305555555555
nduf-6,sevoflurane,30.0,42,0.0,13.403645833333334,4.056666666666667
nduf-6,sevoflurane,30.0,137,0.0,12.541666666666666,3.82875
nduf-6,sevoflurane,30.0,219,0.0,13.919270833333334,4.203055555555555
nduf-6,sevoflurane,1000.0,219,1.0,0.5755208333333334,0.19361111111111112
nduf-6,sevoflurane,1000.0,7,1.0,0.5598958333333334,0.18847222222222224
nduf-6,sevoflurane,1000.0,91,1.0,0.6640625,0.21430555555555555
nduf-6,sevoflurane,3000.0,42,1.0,0.2552083333333333,0.11472222222222223
nduf-6,sevoflurane,350.0,42,0.8541666666666666,1.5859375,0.46416666666666667
nduf-6,sevoflurane,350.0,137,0.9166666666666666,1.6666666666666667,0.48138888888888887
nduf-6,sevoflurane,350.0,219,0.7708333333333334,1.8932291666666667,0.5316666666666666
nduf-6,sevoflurane,350.0,7,0.8541666666666666,1.59375,0.45958333333333334
nduf-6,sevoflurane,500.0,7,0.8958333333333334,1.1458333333333333,0.3377777777777778
nduf-6,sevoflurane,500.0,91,0.9166666666666666,1.34375,0.38763888888888887
nduf-6,sevoflurane,1000.0,42,1.0,0.46875,0.17555555555555555
nduf-6,sevoflurane,1000.0,137,1.0,0.4817708333333333,0.18125
nduf-6,sevoflurane,3000.0,137,1.0,0.2864583333333333,0.11902777777777777
nduf-6,sevoflurane,3000.0,219,1.0,0.3255208333333333,0.12569444444444444
nduf-6,sevoflurane,3000.0,7,1.0,0.23958333333333334,0.11347222222222222
nduf-6,sevoflurane,3000.0,91,1.0,0.3567708333333333,0.13125
ndus-8,halothane,10.0,91,0.0,17.40625,5.3684722222222225
ndus-8,halothane,30.0,42,0.0,13.989583333333334,4.255694444444444
ndus-8,halothane,30.0,137,0.0,13.338541666666666,4.082361111111111
ndus-8,halothane,30.0,219,0.0,14.731770833333334,4.458888888888889
ndus-8,halothane,10.0,42,0.0,17.1640625,5.29
ndus-8,halothane,10.0,137,0.0,16.192708333333332,5.0344444444444445
ndus-8,halothane,10.0,219,0.0,17.734375,5.499305555555556
ndus-8,halothane,10.0,7,0.0,15.890625,4.929166666666666
ndus-8,halothane,500.0,7,0.9583333333333334,1.1302083333333333,0.3401388888888889
ndus-8,halothane,500.0,91,0.9166666666666666,1.3203125,0.38902777777777775
ndus-8,halothane,1000.0,42,0.9791666666666666,0.484375,0.18375
ndus-8,halothane,1000.0,137,1.0,0.46875,0.18097222222222223
ndus-8,halothane,350.0,91,0.8541666666666666,1.8932291666666667,0.5541666666666667
ndus-8,halothane,500.0,42,0.9791666666666666,1.1015625,0.3333333333333333
ndus-8,halothane,500.0,137,0.9583333333333334,1.0677083333333333,0.3348611111111111
ndus-8,halothane,500.0,219,0.9583333333333334,1.1302083333333333,0.3497222222222222
ndus-8,halothane,200.0,137,0.375,3.65625,1.04
ndus-8,halothane,200.0,219,0.25,4.236979166666667,1.1752777777777779
ndus-8,halothane,200.0,7,0.3333333333333333,3.4973958333333335,0.9784722222222222
ndus-8,halothane,200.0,91,0.3958333333333333,3.8020833333333335,1.0788888888888888
ndus-8,halothane,30.0,7,0.0,12.916666666666666,3.9322222222222223
ndus-8,halothane,30.0,91,0.0,14.489583333333334,4.399305555555555
ndus-8,halothane,100.0,42,0.020833333333333332,7.90625,2.2704166666666667
ndus-8,halothane,100.0,137,0.020833333333333332,7.15625,2.0997222222222223
ndus-8,halothane,100.0,219,0.0,7.90625,2.289722222222222
ndus-8,halothane,100.0,7,0.020833333333333332,6.791666666666667,1.989861111111111
ndus-8,halothane,100.0,91,0.020833333333333332,7.861979166666667,2.2629166666666665
ndus-8,halothane,200.0,42,0.3125,3.8541666666666665,1.070138888888889
ndus-8,halothane,350.0,42,0.8333333333333334,1.7526041666666667,0.505
ndus-8,halothane,350.0,137,0.8958333333333334,1.703125,0.5015277777777778
ndus-8,halothane,350.0,219,0.75,1.9869791666666667,0.5605555555555556
ndus-8,halothane,350.0,7,0.875,1.6276041666666667,0.4791666666666667
ndus-8,halothane,1000.0,219,1.0,0.5520833333333334,0.19236111111111112
ndus-8,halothane,1000.0,7,1.0,0.4791666666666667,0.17958333333333334
ndus-8,halothane,1000.0,91,1.0,0.578125,0.2048611111111111
ndus-8,halothane,3000.0,42,1.0,0.203125,0.11
ndus-8,halothane,3000.0,137,1.0,0.21875,0.10819444444444444
ndus-8,halothane,3000.0,219,1.0,0.23958333333333334,0.11430555555555555
ndus-8,halothane,3000.0,7,1.0,0.18489583333333334,0.10680555555555556
ndus-8,halothane,3000.0,91,1.0,0.2682291666666667,0.12111111111111111
ndus-8,isoflurane,10.0,42,0.0,16.71875,5.1651388888888885
ndus-8,isoflurane,10.0,137,0.0,16.1640625,5.0159722222222225
ndus-8,isoflurane,10.0,219,0.0,17.4375,5.4070833333333335
ndus-8,isoflurane,10.0,7,0.0,15.619791666666666,4.840833333333333
ndus-8,isoflurane,200.0,137,0.5,3.1614583333333335,0.9130555555555555
ndus-8,isoflurane,200.0,219,0.3958333333333333,3.8828125,1.0783333333333334
ndus-8,isoflurane,200.0,7,0.3958333333333333,3.2369791666666665,0.8994444444444445
ndus-8,isoflurane,200.0,91,0.4583333333333333,3.6067708333333335,1.0122222222222221
ndus-8,isoflurane,350.0,42,0.875,1.59375,0.46569444444444447
ndus-8,isoflurane,350.0,137,0.9166666666666666,1.6822916666666667,0.48375
ndus-8,isoflurane,350.0,219,0.75,1.9427083333333333,0.5398611111111111
ndus-8,isoflurane,350.0,7,0.8541666666666666,1.5,0.44472222222222224
ndus-8,isoflurane,100.0,219,0.020833333333333332,7.5546875,2.1766666666666667
ndus-8,isoflurane,100.0,7,0.08333333333333333,6.380208333333333,1.8502777777777777
ndus-8,isoflurane,100.0,91,0.0625,7.234375,2.087222222222222
ndus-8,isoflurane,200.0,42,0.4375,3.5572916666666665,0.9818055555555556
ndus-8,isoflurane,10.0,91,0.0,17.244791666666668,5.3125
ndus-8,isoflurane,30.0,42,0.0,13.669270833333334,4.154027777777777
ndus-8,isoflurane,30.0,137,0.0,12.924479166666666,3.9430555555555555
ndus-8,isoflurane,30.0,219,0.0,14.2265625,4.298611111111111
ndus-8,isoflurane,350.0,91,0.875,1.8723958333333333,0.5348611111111111
ndus-8,isoflurane,500.0,42,0.9791666666666666,1.0598958333333333,0.3194444444444444
ndus-8,isoflurane,500.0,137,0.9791666666666666,1.0052083333333333,0.3169444444444444
ndus-8,isoflurane,500.0,219,0.9375,1.1614583333333333,0.34875
ndus-8,isoflurane,30.0,7,0.0,12.5859375,3.831111111111111
ndus-8,isoflurane,30.0,91,0.0,14.15625,4.285416666666666
ndus-8,isoflurane,100.0,42,0.020833333333333332,7.419270833333333,2.125
ndus-8,isoflurane,100.0,137,0.041666666666666664,6.8671875,1.9940277777777777
ndus-8,isoflurane,500.0,7,0.9375,1.1171875,0.3329166666666667
ndus-8,isoflurane,500.0,91,0.9166666666666666,1.3307291666666667,0.38305555555555554
ndus-8,isoflurane,1000.0,42,1.0,0.4270833333333333,0.17333333333333334
ndus-8,isoflurane,1000.0,137,0.9791666666666666,0.5026041666666666,0.18430555555555556
ndus-8,sevoflurane,350.0,42,0.8541666666666666,1.5859375,0.46416666666666667
ndus-8,sevoflurane,350.0,137,0.9166666666666666,1.6666666666666667,0.48138888888888887
ndus-8,sevoflurane,350.0,219,0.7708333333333334,1.8932291666666667,0.5316666666666666
ndus-8,sevoflurane,350.0,7,0.8541666666666666,1.59375,0.45958333333333334
ndus-8,isoflurane,1000.0,219,1.0,0.5286458333333334,0.18541666666666667
ndus-8,isoflurane,1000.0,7,1.0,0.4739583333333333,0.17472222222222222
ndus-8,isoflurane,1000.0,91,1.0,0.6171875,0.20333333333333334
ndus-8,isoflurane,3000.0,42,1.0,0.2265625,0.11319444444444444
ndus-8,sevoflurane,350.0,91,0.875,1.8072916666666667,0.5231944444444444
ndus-8,sevoflurane,500.0,42,0.9791666666666666,1.0807291666666667,0.3240277777777778
ndus-8,sevoflurane,500.0,137,0.9791666666666666,1.0208333333333333,0.31777777777777777
ndus-8,sevoflurane,500.0,219,0.9375,1.2109375,0.3590277777777778
ndus-8,isoflurane,3000.0,137,1.0,0.2578125,0.1123611111111111
ndus-8,isoflurane,3000.0,219,1.0,0.265625,0.11666666666666667
ndus-8,isoflurane,3000.0,7,1.0,0.2265625,0.11041666666666666
ndus-8,isoflurane,3000.0,91,1.0,0.296875,0.12319444444444444
ndus-8,sevoflurane,200.0,137,0.5,3.0755208333333335,0.88375
ndus-8,sevoflurane,200.0,219,0.4375,3.7057291666666665,1.0319444444444446
ndus-8,sevoflurane,200.0,7,0.3958333333333333,3.1015625,0.8684722222222222
ndus-8,sevoflurane,200.0,91,0.4791666666666667,3.5234375,0.9879166666666667
ndus-8,sevoflurane,500.0,7,0.8958333333333334,1.1458333333333333,0.3377777777777778
ndus-8,sevoflurane,500.0,91,0.9166666666666666,1.34375,0.38763888888888887
ndus-8,sevoflurane,1000.0,42,1.0,0.46875,0.17555555555555555
ndus-8,sevoflurane,1000.0,137,1.0,0.4817708333333333,0.18125
ndus-8,sevoflurane,10.0,91,0.0,17.283854166666668,5.319305555555555
ndus-8,sevoflurane,30.0,42,0.0,13.403645833333334,4.056666666666667
ndus-8,sevoflurane,30.0,137,0.0,12.541666666666666,3.82875
ndus-8,sevoflurane,30.0,219,0.0,13.919270833333334,4.203055555555555
ndus-8,sevoflurane,10.0,42,0.0,16.611979166666668,5.123472222222222
ndus-8,sevoflurane,10.0,137,0.0,15.994791666666666,4.967222222222222
ndus-8,sevoflurane,10.0,219,0.0,17.546875,5.430694444444445
ndus-8,sevoflurane,10.0,7,0.0,15.515625,4.800972222222223
ndus-8,sevoflurane,30.0,7,0.0,12.390625,3.7620833333333334
ndus-8,sevoflurane,30.0,91,0.0,13.872395833333334,4.190277777777778
ndus-8,sevoflurane,100.0,42,0.020833333333333332,7.059895833333333,2.024027777777778
ndus-8,sevoflurane,100.0,137,0.041666666666666664,6.604166666666667,1.9058333333333333
ndus-8,sevoflurane,100.0,219,0.041666666666666664,7.260416666666667,2.0893055555555557
ndus-8,sevoflurane,100.0,7,0.0625,6.106770833333333,1.7755555555555556
ndus-8,sevoflurane,100.0,91,0.08333333333333333,6.8125,1.976388888888889
ndus-8,sevoflurane,200.0,42,0.4583333333333333,3.3958333333333335,0.9384722222222223
ndus-8,sevoflurane,3000.0,137,1.0,0.2864583333333333,0.11902777777777777
ndus-8,sevoflurane,3000.0,219,1.0,0.3255208333333333,0.12569444444444444
ndus-8,sevoflurane,3000.0,7,1.0,0.23958333333333334,0.11347222222222222
ndus-8,sevoflurane,3000.0,91,1.0,0.3567708333333333,0.13125
ndus-8,sevoflurane,1000.0,219,1.0,0.5755208333333334,0.19361111111111112
ndus-8,sevoflurane,1000.0,7,1.0,0.5598958333333334,0.18847222222222224
ndus-8,sevoflurane,1000.0,91,1.0,0.6640625,0.21430555555555555
ndus-8,sevoflurane,3000.0,42,1.0,0.2552083333333333,0.11472222222222223
nuo-1,halothane,10.0,42,0.0,17.1640625,5.29
nuo-1,halothane,10.0,137,0.0,16.192708333333332,5.0344444444444445
nuo-1,halothane,10.0,219,0.0,17.734375,5.499305555555556
nuo-1,halothane,10.0,7,0.0,15.890625,4.929166666666666
nuo-1,halothane,350.0,42,0.8333333333333334,1.7526041666666667,0.505
nuo-1,halothane,350.0,137,0.8958333333333334,1.703125,0.5015277777777778
nuo-1,halothane,350.0,219,0.75,1.9869791666666667,0.5605555555555556
nuo-1,halothane,350.0,7,0.875,1.6276041666666667,0.4791666666666667
nuo-1,halothane,30.0,7,0.0,12.916666666666666,3.9322222222222223
nuo-1,halothane,30.0,91,0.0,14.489583333333334,4.399305555555555
nuo-1,halothane,100.0,42,0.020833333333333332,7.90625,2.2704166666666667
nuo-1,halothane,100.0,137,0.020833333333333332,7.15625,2.0997222222222223
nuo-1,halothane,1000.0,219,1.0,0.5520833333333334,0.19236111111111112
nuo-1,halothane,1000.0,7,1.0,0.4791666666666667,0.17958333333333334
nuo-1,halothane,1000.0,91,1.0,0.578125,0.2048611111111111
nuo-1,halothane,3000.0,42,1.0,0.203125,0.11
nuo-1,halothane,10.0,91,0.0,17.40625,5.3684722222222225
nuo-1,halothane,30.0,42,0.0,13.989583333333334,4.255694444444444
nuo-1,halothane,30.0,137,0.0,13.338541666666666,4.082361111111111
nuo-1,halothane,30.0,219,0.0,14.731770833333334,4.458888888888889
nuo-1,halothane,100.0,219,0.0,7.90625,2.289722222222222
nuo-1,halothane,100.0,7,0.020833333333333332,6.791666666666667,1.989861111111111
nuo-1,halothane,100.0,91,0.020833333333333332,7.861979166666667,2.2629166666666665
nuo-1,halothane,200.0,42,0.3125,3.8541666666666665,1.070138888888889
nuo-1,halothane,200.0,137,0.375,3.65625,1.04
nuo-1,halothane,200.0,219,0.25,4.236979166666667,1.1752777777777779
nuo-1,halothane,200.0,7,0.3333333333333333,3.4973958333333335,0.9784722222222222
nuo-1,halothane,200.0,91,0.3958333333333333,3.8020833333333335,1.0788888888888888
nuo-1,halothane,350.0,91,0.8541666666666666,1.8932291666666667,0.5541666666666667
nuo-1,halothane,500.0,42,0.9791666666666666,1.1015625,0.3333333333333333
nuo-1,halothane,500.0,137,0.9583333333333334,1.0677083333333333,0.3348611111111111
nuo-1,halothane,500.0,219,0.9583333333333334,1.1302083333333333,0.3497222222222222
nuo-1,halothane,500.0,7,0.9583333333333334,1.1302083333333333,0.3401388888888889
nuo-1,halothane,500.0,91,0.9166666666666666,1.3203125,0.38902777777777775
nuo-1,halothane,1000.0,42,0.9791666666666666,0.484375,0.18375
nuo-1,halothane,1000.0,137,1.0,0.46875,0.18097222222222223
nuo-1,isoflurane,10.0,42,0.0,16.71875,5.1651388888888885
nuo-1,isoflurane,10.0,137,0.0,16.1640625,5.0159722222222225
nuo-1,isoflurane,10.0,219,0.0,17.4375,5.4070833333333335
nuo-1,isoflurane,10.0,7,0.0,15.619791666666666,4.840833333333333
nuo-1,isoflurane,100.0,219,0.020833333333333332,7.5546875,2.1766666666666667
nuo-1,isoflurane,100.0,7,0.08333333333333333,6.380208333333333,1.8502777777777777
nuo-1,isoflurane,100.0,91,0.0625,7.234375,2.087222222222222
nuo-1,isoflurane,200.0,42,0.4375,3.5572916666666665,0.9818055555555556
nuo-1,halothane,3000.0,137,1.0,0.21875,0.10819444444444444
nuo-1,halothane,3000.0,219,1.0,0.23958333333333334,0.11430555555555555
nuo-1,halothane,3000.0,7,1.0,0.18489583333333334,0.10680555555555556
nuo-1,halothane,3000.0,91,1.0,0.2682291666666667,0.12111111111111111
nuo-1,isoflurane,200.0,137,0.5,3.1614583333333335,0.9130555555555555
nuo-1,isoflurane,200.0,219,0.3958333333333333,3.8828125,1.0783333333333334
nuo-1,isoflurane,200.0,7,0.3958333333333333,3.2369791666666665,0.8994444444444445
nuo-1,isoflurane,200.0,91,0.4583333333333333,3.6067708333333335,1.0122222222222221
nuo-1,isoflurane,30.0,7,0.0,12.5859375,3.831111111111111
nuo-1,isoflurane,30.0,91,0.0,14.15625,4.285416666666666
nuo-1,isoflurane,100.0,42,0.020833333333333332,7.419270833333333,2.125
nuo-1,isoflurane,100.0,137,0.041666666666666664,6.8671875,1.9940277777777777
nuo-1,isoflurane,350.0,42,0.875,1.59375,0.46569444444444447
nuo-1,isoflurane,350.0,137,0.9166666666666666,1.6822916666666667,0.48375
nuo-1,isoflurane,350.0,219,0.75,1.9427083333333333,0.5398611111111111
nuo-1,isoflurane,350.0,7,0.8541666666666666,1.5,0.44472222222222224
nuo-1,isoflurane,10.0,91,0.0,17.244791666666668,5.3125
nuo-1,isoflurane,30.0,42,0.0,13.669270833333334,4.154027777777777
nuo-1,isoflurane,30.0,137,0.0,12.924479166666666,3.9430555555555555
nuo-1,isoflurane,30.0,219,0.0,14.2265625,4.298611111111111
nuo-1,isoflurane,1000.0,219,1.0,0.5286458333333334,0.18541666666666667
nuo-1,isoflurane,1000.0,7,1.0,0.4739583333333333,0.17472222222222222
nuo-1,isoflurane,1000.0,91,1.0,0.6171875,0.20333333333333334
nuo-1,isoflurane,3000.0,42,1.0,0.2265625,0.11319444444444444
nuo-1,sevoflurane,30.0,7,0.0,12.390625,3.7620833333333334
nuo-1,sevoflurane,30.0,91,0.0,13.872395833333334,4.190277777777778
nuo-1,sevoflurane,100.0,42,0.020833333333333332,7.059895833333333,2.024027777777778
nuo-1,sevoflurane,100.0,137,0.041666666666666664,6.604166666666667,1.9058333333333333
nuo-1,isoflurane,350.0,91,0.875,1.8723958333333333,0.5348611111111111
nuo-1,isoflurane,500.0,42,0.9791666666666666,1.0598958333333333,0.3194444444444444
nuo-1,isoflurane,500.0,137,0.9791666666666666,1.0052083333333333,0.3169444444444444
nuo-1,isoflurane,500.0,219,0.9375,1.1614583333333333,0.34875
nuo-1,sevoflurane,200.0,137,0.5,3.0755208333333335,0.88375
nuo-1,sevoflurane,200.0,219,0.4375,3.7057291666666665,1.0319444444444446
nuo-1,sevoflurane,200.0,7,0.3958333333333333,3.1015625,0.8684722222222222
nuo-1,sevoflurane,200.0,91,0.4791666666666667,3.5234375,0.9879166666666667
nuo-1,isoflurane,500.0,7,0.9375,1.1171875,0.3329166666666667
nuo-1,isoflurane,500.0,91,0.9166666666666666,1.3307291666666667,0.38305555555555554
nuo-1,isoflurane,1000.0,42,1.0,0.4270833333333333,0.17333333333333334
nuo-1,isoflurane,1000.0,137,0.9791666666666666,0.5026041666666666,0.18430555555555556
nuo-1,isoflurane,3000.0,137,1.0,0.2578125,0.1123611111111111
nuo-1,isoflurane,3000.0,219,1.0,0.265625,0.11666666666666667
nuo-1,isoflurane,3000.0,7,1.0,0.2265625,0.11041666666666666
nuo-1,isoflurane,3000.0,91,1.0,0.296875,0.12319444444444444
nuo-1,sevoflurane,350.0,91,0.875,1.8072916666666667,0.5231944444444444
nuo-1,sevoflurane,500.0,42,0.9791666666666666,1.0807291666666667,0.3240277777777778
nuo-1,sevoflurane,500.0,137,0.9791666666666666,1.0208333333333333,0.31777777777777777
nuo-1,sevoflurane,500.0,219,0.9375,1.2109375,0.3590277777777778
nuo-1,sevoflurane,10.0,42,0.0,16.611979166666668,5.123472222222222
nuo-1,sevoflurane,10.0,137,0.0,15.994791666666666,4.967222222222222
nuo-1,sevoflurane,10.0,219,0.0,17.546875,5.430694444444445
nuo-1,sevoflurane,10.0,7,0.0,15.515625,4.800972222222223
nuo-1,sevoflurane,10.0,91,0.0,17.283854166666668,5.319305555555555
nuo-1,sevoflurane,30.0,42,0.0,13.403645833333334,4.056666666666667
nuo-1,sevoflurane,30.0,137,0.0,12.541666666666666,3.82875
nuo-1,sevoflurane,30.0,219,0.0,13.919270833333334,4.203055555555555
nuo-1,sevoflurane,1000.0,219,1.0,0.5755208333333334,0.19361111111111112
nuo-1,sevoflurane,1000.0,7,1.0,0.5598958333333334,0.18847222222222224
nuo-1,sevoflurane,1000.0,91,1.0,0.6640625,0.21430555555555555
nuo-1,sevoflurane,3000.0,42,1.0,0.2552083333333333,0.11472222222222223
nuo-1,sevoflurane,100.0,219,0.041666666666666664,7.260416666666667,2.0893055555555557
nuo-1,sevoflurane,100.0,7,0.0625,6.106770833333333,1.7755555555555556
nuo-1,sevoflurane,100.0,91,0.08333333333333333,6.8125,1.976388888888889
nuo-1,sevoflurane,200.0,42,0.4583333333333333,3.3958333333333335,0.9384722222222223
nuo-1,sevoflurane,350.0,42,0.8541666666666666,1.5859375,0.46416666666666667
nuo-1,sevoflurane,350.0,137,0.9166666666666666,1.6666666666666667,0.48138888888888887
nuo-1,sevoflurane,350.0,219,0.7708333333333334,1.8932291666666667,0.5316666666666666
nuo-1,sevoflurane,350.0,7,0.8541666666666666,1.59375,0.45958333333333334
unc-79,halothane,10.0,91,0.0,17.036458333333332,5.249722222222222
unc-79,halothane,30.0,42,0.0,13.559895833333334,4.120833333333334
unc-79,halothane,30.0,137,0.0,12.744791666666666,3.8959722222222224
unc-79,halothane,30.0,219,0.0,14.083333333333334,4.256388888888889
nuo-1,sevoflurane,500.0,7,0.8958333333333334,1.1458333333333333,0.3377777777777778
nuo-1,sevoflurane,500.0,91,0.9166666666666666,1.34375,0.38763888888888887
nuo-1,sevoflurane,1000.0,42,1.0,0.46875,0.17555555555555555
nuo-1,sevoflurane,1000.0,137,1.0,0.4817708333333333,0.18125
nuo-1,sevoflurane,3000.0,137,1.0,0.2864583333333333,0.11902777777777777
nuo-1,sevoflurane,3000.0,219,1.0,0.3255208333333333,0.12569444444444444
nuo-1,sevoflurane,3000.0,7,1.0,0.23958333333333334,0.11347222222222222
nuo-1,sevoflurane,3000.0,91,1.0,0.3567708333333333,0.13125
unc-79,halothane,200.0,137,0.4375,3.28125,0.9497222222222222
unc-79,halothane,200.0,219,0.3333333333333333,3.9869791666666665,1.1077777777777778
unc-79,halothane,200.0,7,0.375,3.3307291666666665,0.9290277777777778
unc-79,halothane,200.0,91,0.3958333333333333,3.6380208333333335,1.0256944444444445
unc-79,halothane,500.0,7,0.9375,1.1640625,0.3398611111111111
unc-79,halothane,500.0,91,0.9166666666666666,1.3046875,0.37930555555555556
unc-79,halothane,1000.0,42,1.0,0.4375,0.17166666666666666
unc-79,halothane,1000.0,137,1.0,0.4375,0.17277777777777778
unc-79,halothane,350.0,91,0.875,1.8385416666666667,0.5363888888888889
unc-79,halothane,500.0,42,0.9791666666666666,1.0755208333333333,0.3229166666666667
unc-79,halothane,500.0,137,0.9583333333333334,1.0208333333333333,0.3219444444444444
unc-79,halothane,500.0,219,0.9583333333333334,1.109375,0.3388888888888889
unc-79,halothane,10.0,42,0.0,16.591145833333332,5.106111111111111
unc-79,halothane,10.0,137,0.0,15.658854166666666,4.8677777777777775
unc-79,halothane,10.0,219,0.0,17.440104166666668,5.385277777777778
unc-79,halothane,10.0,7,0.0,15.1953125,4.698611111111111
unc-79,halothane,30.0,7,0.0,12.424479166666666,3.7872222222222223
unc-79,halothane,30.0,91,0.0,13.966145833333334,4.2259722222222225
unc-79,halothane,100.0,42,0.020833333333333332,7.463541666666667,2.1454166666666667
unc-79,halothane,100.0,137,0.020833333333333332,7.067708333333333,2.0616666666666665
unc-79,halothane,100.0,219,0.020833333333333332,7.684895833333333,2.2151388888888888
unc-79,halothane,100.0,7,0.0625,6.4296875,1.871388888888889
unc-79,halothane,100.0,91,0.041666666666666664,7.4609375,2.154166666666667
unc-79,halothane,200.0,42,0.4166666666666667,3.6614583333333335,1.0140277777777778
unc-79,halothane,350.0,42,0.8541666666666666,1.6744791666666667,0.48333333333333334
unc-79,halothane,350.0,137,0.8958333333333334,1.6796875,0.4865277777777778
unc-79,halothane,350.0,219,0.75,1.8958333333333333,0.5352777777777777
unc-79,halothane,350.0,7,0.875,1.5130208333333333,0.45208333333333334
unc-79,isoflurane,10.0,42,0.0,16.442708333333332,5.0536111111111115
unc-79,isoflurane,10.0,137,0.0,15.510416666666666,4.8190277777777775
unc-79,isoflurane,10.0,219,0.0,17.268229166666668,5.325833333333334
unc-79,isoflurane,10.0,7,0.0,15.234375,4.704444444444444
unc-79,isoflurane,100.0,219,0.041666666666666664,7.263020833333333,2.0906944444444444
unc-79,isoflurane,100.0,7,0.08333333333333333,6.044270833333333,1.7556944444444444
unc-79,isoflurane,100.0,91,0.08333333333333333,6.893229166666667,1.99125
unc-79,isoflurane,200.0,42,0.4583333333333333,3.3854166666666665,0.9336111111111111
unc-79,isoflurane,30.0,7,0.0,11.981770833333334,3.657638888888889
unc-79,isoflurane,30.0,91,0.0,13.627604166666666,4.119861111111111
unc-79,isoflurane,100.0,42,0.020833333333333332,7.1640625,2.049722222222222
unc-79,isoflurane,100.0,137,0.041666666666666664,6.518229166666667,1.8822222222222222
unc-79,halothane,1000.0,219,1.0,0.5052083333333334,0.18166666666666667
unc-79,halothane,1000.0,7,1.0,0.4401041666666667,0.16902777777777778
unc-79,halothane,1000.0,91,1.0,0.5703125,0.1963888888888889
unc-79,halothane,3000.0,42,1.0,0.19010416666666666,0.10361111111111111
unc-79,isoflurane,200.0,137,0.5416666666666666,2.9791666666666665,0.8643055555555555
unc-79,isoflurane,200.0,219,0.4375,3.6276041666666665,1.015
unc-79,isoflurane,200.0,7,0.3958333333333333,2.9817708333333335,0.8419444444444445
unc-79,isoflurane,200.0,91,0.4791666666666667,3.3932291666666665,0.9566666666666667
unc-79,halothane,3000.0,137,1.0,0.20833333333333334,0.10333333333333333
unc-79,halothane,3000.0,219,1.0,0.23177083333333334,0.10930555555555556
unc-79,halothane,3000.0,7,1.0,0.1796875,0.10263888888888889
unc-79,halothane,3000.0,91,1.0,0.2526041666666667,0.11486111111111111
unc-79,isoflurane,10.0,91,0.0,16.994791666666668,5.228888888888889
unc-79,isoflurane,30.0,42,0.0,13.328125,4.040277777777778
unc-79,isoflurane,30.0,137,0.0,12.283854166666666,3.7593055555555557
unc-79,isoflurane,30.0,219,0.0,13.848958333333334,4.1775
unc-79,isoflurane,500.0,7,0.9375,1.0807291666666667,0.3240277777777778
unc-79,isoflurane,500.0,91,0.9166666666666666,1.2317708333333333,0.3611111111111111
unc-79,isoflurane,1000.0,42,1.0,0.3958333333333333,0.16444444444444445
unc-79,isoflurane,1000.0,137,0.9791666666666666,0.4583333333333333,0.17375
unc-79,isoflurane,350.0,42,0.8958333333333334,1.5026041666666667,0.44180555555555556
unc-79,isoflurane,350.0,137,0.9375,1.5651041666666667,0.4552777777777778
unc-79,isoflurane,350.0,219,0.7708333333333334,1.765625,0.5026388888888889
unc-79,isoflurane,350.0,7,0.875,1.4166666666666667,0.41944444444444445
unc-79,sevoflurane,10.0,42,0.0,16.260416666666668,5.0025
unc-79,sevoflurane,10.0,137,0.0,15.276041666666666,4.747777777777777
unc-79,sevoflurane,10.0,219,0.0,17.005208333333332,5.242222222222222
unc-79,sevoflurane,10.0,7,0.0,15.020833333333334,4.635833333333333
unc-79,isoflurane,1000.0,219,1.0,0.5182291666666666,0.17944444444444443
unc-79,isoflurane,1000.0,7,1.0,0.4427083333333333,0.16777777777777778
unc-79,isoflurane,1000.0,91,1.0,0.5859375,0.19402777777777777
unc-79,isoflurane,3000.0,42,1.0,0.22135416666666666,0.10791666666666666
unc-79,isoflurane,350.0,91,0.8958333333333334,1.6953125,0.4975
unc-79,isoflurane,500.0,42,0.9791666666666666,1.0442708333333333,0.31083333333333335
unc-79,isoflurane,500.0,137,0.9791666666666666,1.0052083333333333,0.3113888888888889
unc-79,isoflurane,500.0,219,0.9583333333333334,1.0833333333333333,0.32805555555555554
unc-79,sevoflurane,30.0,7,0.0,11.864583333333334,3.600416666666667
unc-79,sevoflurane,30.0,91,0.0,13.2578125,4.0129166666666665
unc-79,sevoflurane,100.0,42,0.020833333333333332,6.841145833333333,1.9538888888888888
unc-79,sevoflurane,100.0,137,0.041666666666666664,6.369791666666667,1.826111111111111
unc-79,sevoflurane,10.0,91,0.0,16.8671875,5.189861111111111
unc-79,sevoflurane,30.0,42,0.0,12.8671875,3.8894444444444445
unc-79,sevoflurane,30.0,137,0.0,11.994791666666666,3.6675
unc-79,sevoflurane,30.0,219,0.0,13.4140625,4.044722222222222
unc-79,sevoflurane,200.0,137,0.5416666666666666,2.9296875,0.8505555555555555
unc-79,sevoflurane,200.0,219,0.4583333333333333,3.5677083333333335,0.9911111111111112
unc-79,sevoflurane,200.0,7,0.4583333333333333,2.9192708333333335,0.8226388888888889
unc-79,sevoflurane,200.0,91,0.5208333333333334,3.28125,0.9252777777777778
unc-79,isoflurane,3000.0,137,1.0,0.24739583333333334,0.10680555555555556
unc-79,isoflurane,3000.0,219,1.0,0.2630208333333333,0.1123611111111111
unc-79,isoflurane,3000.0,7,1.0,0.2265625,0.10597222222222222
unc-79,isoflurane,3000.0,91,1.0,0.2760416666666667,0.11611111111111111
unc-79,sevoflurane,500.0,7,0.9375,1.0859375,0.32416666666666666
unc-79,sevoflurane,500.0,91,0.9166666666666666,1.2369791666666667,0.36444444444444446
unc-79,sevoflurane,1000.0,42,1.0,0.4401041666666667,0.16930555555555554
unc-79,sevoflurane,1000.0,137,1.0,0.4270833333333333,0.1686111111111111
unc-79,sevoflurane,3000.0,137,1.0,0.2786458333333333,0.11361111111111111
unc-79,sevoflurane,3000.0,219,1.0,0.3046875,0.11819444444444445
unc-79,sevoflurane,3000.0,7,1.0,0.23177083333333334,0.10833333333333334
unc-79,sevoflurane,3000.0,91,1.0,0.3307291666666667,0.12319444444444444
unc-79,sevoflurane,100.0,219,0.041666666666666664,6.901041666666667,1.9806944444444445
unc-79,sevoflurane,100.0,7,0.08333333333333333,5.78125,1.6752777777777779
unc-79,sevoflurane,100.0,91,0.08333333333333333,6.684895833333333,1.927361111111111
unc-79,sevoflurane,200.0,42,0.4791666666666667,3.265625,0.8956944444444445
unc-79,sevoflurane,1000.0,219,1.0,0.546875,0.18486111111111111
unc-79,sevoflurane,1000.0,7,1.0,0.5208333333333334,0.17777777777777778
unc-79,sevoflurane,1000.0,91,1.0,0.6432291666666666,0.2061111111111111
unc-79,sevoflurane,3000.0,42,1.0,0.22916666666666666,0.10694444444444444
unc-79,sevoflurane,350.0,42,0.8958333333333334,1.5208333333333333,0.4444444444444444
unc-79,sevoflurane,350.0,137,0.9375,1.5833333333333333,0.45694444444444443
unc-79,sevoflurane,350.0,219,0.7708333333333334,1.8177083333333333,0.5109722222222223
unc-79,sevoflurane,350.0,7,0.8541666666666666,1.4869791666666667,0.4325
unc-79,sevoflurane,350.0,91,0.8958333333333334,1.6875,0.4926388888888889
unc-79,sevoflurane,500.0,42,0.9791666666666666,1.0364583333333333,0.3109722222222222
unc-79,sevoflurane,500.0,137,0.9791666666666666,1.0026041666666667,0.3104166666666667
unc-79,sevoflurane,500.0,219,0.9583333333333334,1.1380208333333333,0.3413888888888889
unc-80,halothane,100.0,219,0.020833333333333332,7.684895833333333,2.2151388888888888
unc-80,halothane,100.0,7,0.0625,6.4296875,1.871388888888889
unc-80,halothane,100.0,91,0.041666666666666664,7.4609375,2.154166666666667
unc-80,halothane,200.0,42,0.4166666666666667,3.6614583333333335,1.0140277777777778
unc-80,halothane,30.0,7,0.0,12.424479166666666,3.7872222222222223
unc-80,halothane,30.0,91,0.0,13.966145833333334,4.2259722222222225
unc-80,halothane,100.0,42,0.020833333333333332,7.463541666666667,2.1454166666666667
unc-80,halothane,100.0,137,0.020833333333333332,7.067708333333333,2.0616666666666665
unc-80,halothane,10.0,42,0.0,16.591145833333332,5.106111111111111
unc-80,halothane,10.0,137,0.0,15.658854166666666,4.8677777777777775
unc-80,halothane,10.0,219,0.0,17.440104166666668,5.385277777777778
unc-80,halothane,10.0,7,0.0,15.1953125,4.698611111111111
unc-80,halothane,350.0,91,0.875,1.8385416666666667,0.5363888888888889
unc-80,halothane,500.0,42,0.9791666666666666,1.0755208333333333,0.3229166666666667
unc-80,halothane,500.0,137,0.9583333333333334,1.0208333333333333,0.3219444444444444
unc-80,halothane,500.0,219,0.9583333333333334,1.109375,0.3388888888888889
unc-80,halothane,10.0,91,0.0,17.036458333333332,5.249722222222222
unc-80,halothane,30.0,42,0.0,13.559895833333334,4.120833333333334
unc-80,halothane,30.0,137,0.0,12.744791666666666,3.8959722222222224
unc-80,halothane,30.0,219,0.0,14.083333333333334,4.256388888888889
unc-80,halothane,500.0,7,0.9375,1.1640625,0.3398611111111111
unc-80,halothane,500.0,91,0.9166666666666666,1.3046875,0.37930555555555556
unc-80,halothane,1000.0,42,1.0,0.4375,0.17166666666666666
unc-80,halothane,1000.0,137,1.0,0.4375,0.17277777777777778
unc-80,halothane,200.0,137,0.4375,3.28125,0.9497222222222222
unc-80,halothane,200.0,219,0.3333333333333333,3.9869791666666665,1.1077777777777778
unc-80,halothane,200.0,7,0.375,3.3307291666666665,0.9290277777777778
unc-80,halothane,200.0,91,0.3958333333333333,3.6380208333333335,1.0256944444444445
unc-80,halothane,350.0,42,0.8541666666666666,1.6744791666666667,0.48333333333333334
unc-80,halothane,350.0,137,0.8958333333333334,1.6796875,0.4865277777777778
unc-80,halothane,350.0,219,0.75,1.8958333333333333,0.5352777777777777
unc-80,halothane,350.0,7,0.875,1.5130208333333333,0.45208333333333334
unc-80,isoflurane,30.0,7,0.0,11.981770833333334,3.657638888888889
unc-80,isoflurane,30.0,91,0.0,13.627604166666666,4.119861111111111
unc-80,isoflurane,100.0,42,0.020833333333333332,7.1640625,2.049722222222222
unc-80,isoflurane,100.0,137,0.041666666666666664,6.518229166666667,1.8822222222222222
unc-80,isoflurane,100.0,219,0.041666666666666664,7.263020833333333,2.0906944444444444
unc-80,isoflurane,100.0,7,0.08333333333333333,6.044270833333333,1.7556944444444444
unc-80,isoflurane,100.0,91,0.08333333333333333,6.893229166666667,1.99125
unc-80,isoflurane,200.0,42,0.4583333333333333,3.3854166666666665,0.9336111111111111
unc-80,halothane,3000.0,137,1.0,0.20833333333333334,0.10333333333333333
unc-80,halothane,3000.0,219,1.0,0.23177083333333334,0.10930555555555556
unc-80,halothane,3000.0,7,1.0,0.1796875,0.10263888888888889
unc-80,halothane,3000.0,91,1.0,0.2526041666666667,0.11486111111111111
unc-80,halothane,1000.0,219,1.0,0.5052083333333334,0.18166666666666667
unc-80,halothane,1000.0,7,1.0,0.4401041666666667,0.16902777777777778
unc-80,halothane,1000.0,91,1.0,0.5703125,0.1963888888888889
unc-80,halothane,3000.0,42,1.0,0.19010416666666666,0.10361111111111111
unc-80,isoflurane,10.0,42,0.0,16.442708333333332,5.0536111111111115
unc-80,isoflurane,10.0,137,0.0,15.510416666666666,4.8190277777777775
unc-80,isoflurane,10.0,219,0.0,17.268229166666668,5.325833333333334
unc-80,isoflurane,10.0,7,0.0,15.234375,4.704444444444444
unc-80,isoflurane,350.0,42,0.8958333333333334,1.5026041666666667,0.44180555555555556
unc-80,isoflurane,350.0,137,0.9375,1.5651041666666667,0.4552777777777778
unc-80,isoflurane,350.0,219,0.7708333333333334,1.765625,0.5026388888888889
unc-80,isoflurane,350.0,7,0.875,1.4166666666666667,0.41944444444444445
unc-80,isoflurane,10.0,91,0.0,16.994791666666668,5.228888888888889
unc-80,isoflurane,30.0,42,0.0,13.328125,4.040277777777778
unc-80,isoflurane,30.0,137,0.0,12.283854166666666,3.7593055555555557
unc-80,isoflurane,30.0,219,0.0,13.848958333333334,4.1775
unc-80,isoflurane,500.0,7,0.9375,1.0807291666666667,0.3240277777777778
unc-80,isoflurane,500.0,91,0.9166666666666666,1.2317708333333333,0.3611111111111111
unc-80,isoflurane,1000.0,42,1.0,0.3958333333333333,0.16444444444444445
unc-80,isoflurane,1000.0,137,0.9791666666666666,0.4583333333333333,0.17375
unc-80,isoflurane,200.0,137,0.5416666666666666,2.9791666666666665,0.8643055555555555
unc-80,isoflurane,200.0,219,0.4375,3.6276041666666665,1.015
unc-80,isoflurane,200.0,7,0.3958333333333333,2.9817708333333335,0.8419444444444445
unc-80,isoflurane,200.0,91,0.4791666666666667,3.3932291666666665,0.9566666666666667
unc-80,sevoflurane,10.0,42,0.0,16.260416666666668,5.0025
unc-80,sevoflurane,10.0,137,0.0,15.276041666666666,4.747777777777777
unc-80,sevoflurane,10.0,219,0.0,17.005208333333332,5.242222222222222
unc-80,sevoflurane,10.0,7,0.0,15.020833333333334,4.635833333333333
unc-80,isoflurane,350.0,91,0.8958333333333334,1.6953125,0.4975
unc-80,isoflurane,500.0,42,0.9791666666666666,1.0442708333333333,0.31083333333333335
unc-80,isoflurane,500.0,137,0.9791666666666666,1.0052083333333333,0.3113888888888889
unc-80,isoflurane,500.0,219,0.9583333333333334,1.0833333333333333,0.32805555555555554
unc-80,sevoflurane,10.0,91,0.0,16.8671875,5.189861111111111
unc-80,sevoflurane,30.0,42,0.0,12.8671875,3.8894444444444445
unc-80,sevoflurane,30.0,137,0.0,11.994791666666666,3.6675
unc-80,sevoflurane,30.0,219,0.0,13.4140625,4.044722222222222
unc-80,isoflurane,1000.0,219,1.0,0.5182291666666666,0.17944444444444443
unc-80,isoflurane,1000.0,7,1.0,0.4427083333333333,0.16777777777777778
unc-80,isoflurane,1000.0,91,1.0,0.5859375,0.19402777777777777
unc-80,isoflurane,3000.0,42,1.0,0.22135416666666666,0.10791666666666666
unc-80,sevoflurane,350.0,42,0.8958333333333334,1.5208333333333333,0.4444444444444444
unc-80,sevoflurane,350.0,137,0.9375,1.5833333333333333,0.45694444444444443
unc-80,sevoflurane,350.0,219,0.7708333333333334,1.8177083333333333,0.5109722222222223
unc-80,sevoflurane,350.0,7,0.8541666666666666,1.4869791666666667,0.4325
unc-80,isoflurane,3000.0,137,1.0,0.24739583333333334,0.10680555555555556
unc-80,isoflurane,3000.0,219,1.0,0.2630208333333333,0.1123611111111111
unc-80,isoflurane,3000.0,7,1.0,0.2265625,0.10597222222222222
unc-80,isoflurane,3000.0,91,1.0,0.2760416666666667,0.11611111111111111
unc-80,sevoflurane,100.0,219,0.041666666666666664,6.901041666666667,1.9806944444444445
unc-80,sevoflurane,100.0,7,0.08333333333333333,5.78125,1.6752777777777779
unc-80,sevoflurane,100.0,91,0.08333333333333333,6.684895833333333,1.927361111111111
unc-80,sevoflurane,200.0,42,0.4791666666666667,3.265625,0.8956944444444445
unc-80,sevoflurane,30.0,7,0.0,11.864583333333334,3.600416666666667
unc-80,sevoflurane,30.0,91,0.0,13.2578125,4.0129166666666665
unc-80,sevoflurane,100.0,42,0.020833333333333332,6.841145833333333,1.9538888888888888
unc-80,sevoflurane,100.0,137,0.041666666666666664,6.369791666666667,1.826111111111111
unc-80,sevoflurane,200.0,137,0.5416666666666666,2.9296875,0.8505555555555555
unc-80,sevoflurane,200.0,219,0.4583333333333333,3.5677083333333335,0.9911111111111112
unc-80,sevoflurane,200.0,7,0.4583333333333333,2.9192708333333335,0.8226388888888889
unc-80,sevoflurane,200.0,91,0.5208333333333334,3.28125,0.9252777777777778
unc-80,sevoflurane,500.0,7,0.9375,1.0859375,0.32416666666666666
unc-80,sevoflurane,500.0,91,0.9166666666666666,1.2369791666666667,0.36444444444444446
unc-80,sevoflurane,1000.0,42,1.0,0.4401041666666667,0.16930555555555554
unc-80,sevoflurane,1000.0,137,1.0,0.4270833333333333,0.1686111111111111
goa-1,halothane,10.0,42,0.0,35.7890625,13.1825
goa-1,halothane,10.0,137,0.0,34.716145833333336,12.845416666666667
goa-1,halothane,10.0,219,0.0,36.872395833333336,13.593194444444444
goa-1,halothane,10.0,7,0.0,34.854166666666664,12.809583333333334
unc-80,sevoflurane,350.0,91,0.8958333333333334,1.6875,0.4926388888888889
unc-80,sevoflurane,500.0,42,0.9791666666666666,1.0364583333333333,0.3109722222222222
unc-80,sevoflurane,500.0,137,0.9791666666666666,1.0026041666666667,0.3104166666666667
unc-80,sevoflurane,500.0,219,0.9583333333333334,1.1380208333333333,0.3413888888888889
unc-80,sevoflurane,3000.0,137,1.0,0.2786458333333333,0.11361111111111111
unc-80,sevoflurane,3000.0,219,1.0,0.3046875,0.11819444444444445
unc-80,sevoflurane,3000.0,7,1.0,0.23177083333333334,0.10833333333333334
unc-80,sevoflurane,3000.0,91,1.0,0.3307291666666667,0.12319444444444444
unc-80,sevoflurane,1000.0,219,1.0,0.546875,0.18486111111111111
unc-80,sevoflurane,1000.0,7,1.0,0.5208333333333334,0.17777777777777778
unc-80,sevoflurane,1000.0,91,1.0,0.6432291666666666,0.2061111111111111
unc-80,sevoflurane,3000.0,42,1.0,0.22916666666666666,0.10694444444444444
goa-1,halothane,200.0,137,0.0,13.5546875,4.434027777777778
goa-1,halothane,200.0,219,0.0,13.763020833333334,4.558194444444444
goa-1,halothane,200.0,7,0.0,12.348958333333334,4.054027777777778
goa-1,halothane,200.0,91,0.0,14.028645833333334,4.629166666666666
goa-1,halothane,100.0,219,0.0,21.4140625,7.429166666666666
goa-1,halothane,100.0,7,0.0,20.130208333333332,6.972916666666666
goa-1,halothane,100.0,91,0.0,21.546875,7.460416666666666
goa-1,halothane,200.0,42,0.0,14.151041666666666,4.614027777777777
goa-1,halothane,10.0,91,0.0,35.760416666666664,13.243472222222222
goa-1,halothane,30.0,42,0.0,32.088541666666664,11.575972222222223
goa-1,halothane,30.0,137,0.0,29.940104166666668,10.898333333333333
goa-1,halothane,30.0,219,0.0,32.5546875,11.78888888888889
goa-1,halothane,30.0,7,0.0,30.677083333333332,11.122083333333334
goa-1,halothane,30.0,91,0.0,31.216145833333332,11.352916666666667
goa-1,halothane,100.0,42,0.0,21.236979166666668,7.315833333333333
goa-1,halothane,100.0,137,0.0,19.8984375,6.893055555555556
goa-1,halothane,3000.0,137,0.9375,1.1588541666666667,0.3176388888888889
goa-1,halothane,3000.0,219,0.9791666666666666,1.0703125,0.3088888888888889
goa-1,halothane,3000.0,7,0.8958333333333334,1.0989583333333333,0.30833333333333335
goa-1,halothane,3000.0,91,0.9375,1.2369791666666667,0.3461111111111111
goa-1,halothane,500.0,7,0.20833333333333334,4.9609375,1.4872222222222222
goa-1,halothane,500.0,91,0.10416666666666667,6.182291666666667,1.8527777777777779
goa-1,halothane,1000.0,42,0.5,2.9453125,0.8208333333333333
goa-1,halothane,1000.0,137,0.6458333333333334,2.7890625,0.7891666666666667
goa-1,halothane,350.0,42,0.08333333333333333,8.239583333333334,2.547083333333333
goa-1,halothane,350.0,137,0.08333333333333333,7.763020833333333,2.4234722222222222
goa-1,halothane,350.0,219,0.0,8.729166666666666,2.718472222222222
goa-1,halothane,350.0,7,0.08333333333333333,7.369791666666667,2.2725
goa-1,isoflurane,10.0,91,0.0,35.5703125,13.15236111111111
goa-1,isoflurane,30.0,42,0.0,31.895833333333332,11.476805555555556
goa-1,isoflurane,30.0,137,0.0,28.880208333333332,10.488472222222223
goa-1,isoflurane,30.0,219,0.0,31.684895833333332,11.456666666666667
goa-1,isoflurane,100.0,219,0.0,20.598958333333332,7.126527777777778
goa-1,isoflurane,100.0,7,0.0,18.875,6.506111111111111
goa-1,isoflurane,100.0,91,0.0,20.854166666666668,7.19625
goa-1,isoflurane,200.0,42,0.0,13.453125,4.385555555555555
goa-1,halothane,350.0,91,0.020833333333333332,8.2421875,2.57625
goa-1,halothane,500.0,42,0.16666666666666666,5.9609375,1.7640277777777778
goa-1,halothane,500.0,137,0.14583333333333334,5.494791666666667,1.66125
goa-1,halothane,500.0,219,0.08333333333333333,6.098958333333333,1.8344444444444445
goa-1,isoflurane,10.0,42,0.0,35.640625,13.120416666666667
goa-1,isoflurane,10.0,137,0.0,34.424479166666664,12.725555555555555
goa-1,isoflurane,10.0,219,0.0,36.697916666666664,13.53125
goa-1,isoflurane,10.0,7,0.0,34.6484375,12.729583333333334
goa-1,halothane,1000.0,219,0.5833333333333334,2.734375,0.7927777777777778
goa-1,halothane,1000.0,7,0.6458333333333334,2.3177083333333335,0.6551388888888889
goa-1,halothane,1000.0,91,0.5208333333333334,3.0234375,0.8469444444444445
goa-1,halothane,3000.0,42,0.9375,1.0182291666666667,0.28888888888888886
goa-1,isoflurane,200.0,137,0.0,12.8203125,4.188194444444444
goa-1,isoflurane,200.0,219,0.0,13.424479166666666,4.420138888888889
goa-1,isoflurane,200.0,7,0.0,11.763020833333334,3.8534722222222224
goa-1,isoflurane,200.0,91,0.0,13.4296875,4.412083333333333
goa-1,isoflurane,350.0,42,0.08333333333333333,7.9453125,2.450833333333333
goa-1,isoflurane,350.0,137,0.08333333333333333,7.260416666666667,2.274027777777778
goa-1,isoflurane,350.0,219,0.020833333333333332,8.122395833333334,2.5394444444444444
goa-1,isoflurane,350.0,7,0.08333333333333333,6.9609375,2.1494444444444443
goa-1,isoflurane,30.0,7,0.0,29.927083333333332,10.836805555555555
goa-1,isoflurane,30.0,91,0.0,30.528645833333332,11.075972222222223
goa-1,isoflurane,100.0,42,0.0,20.497395833333332,7.0152777777777775
goa-1,isoflurane,100.0,137,0.0,18.911458333333332,6.53125
goa-1,isoflurane,500.0,7,0.20833333333333334,4.6953125,1.4118055555555555
goa-1,isoflurane,500.0,91,0.10416666666666667,6.0,1.8095833333333333
goa-1,isoflurane,1000.0,42,0.5,3.1640625,0.8851388888888889
goa-1,isoflurane,1000.0,137,0.5833333333333334,2.9036458333333335,0.8352777777777778
goa-1,sevoflurane,10.0,91,0.0,35.255208333333336,13.020138888888889
goa-1,sevoflurane,30.0,42,0.0,31.5625,11.339166666666667
goa-1,sevoflurane,30.0,137,0.0,28.859375,10.452361111111111
goa-1,sevoflurane,30.0,219,0.0,31.7109375,11.420972222222222
goa-1,isoflurane,3000.0,137,0.8958333333333334,1.4010416666666667,0.38166666666666665
goa-1,isoflurane,3000.0,219,0.8958333333333334,1.4010416666666667,0.3929166666666667
goa-1,isoflurane,3000.0,7,0.8541666666666666,1.2578125,0.3501388888888889
goa-1,isoflurane,3000.0,91,0.8333333333333334,1.5286458333333333,0.42430555555555555
goa-1,isoflurane,350.0,91,0.020833333333333332,7.830729166666667,2.4375
goa-1,isoflurane,500.0,42,0.16666666666666666,5.9375,1.770138888888889
goa-1,isoflurane,500.0,137,0.1875,5.4140625,1.636388888888889
goa-1,isoflurane,500.0,219,0.08333333333333333,5.822916666666667,1.7616666666666667
goa-1,isoflurane,1000.0,219,0.4791666666666667,3.0572916666666665,0.8844444444444445
goa-1,isoflurane,1000.0,7,0.6041666666666666,2.4348958333333335,0.7052777777777778
goa-1,isoflurane,1000.0,91,0.4583333333333333,3.0963541666666665,0.8818055555555555
goa-1,isoflurane,3000.0,42,0.875,1.2447916666666667,0.3497222222222222
goa-1,sevoflurane,10.0,42,0.0,35.393229166666664,13.015138888888888
goa-1,sevoflurane,10.0,137,0.0,34.4609375,12.716111111111111
goa-1,sevoflurane,10.0,219,0.0,36.255208333333336,13.348472222222222
goa-1,sevoflurane,10.0,7,0.0,34.544270833333336,12.68763888888889
goa-1,sevoflurane,1000.0,219,0.4791666666666667,3.2005208333333335,0.9416666666666667
goa-1,sevoflurane,1000.0,7,0.5625,2.7213541666666665,0.8015277777777777
goa-1,sevoflurane,1000.0,91,0.4583333333333333,3.3671875,0.9638888888888889
goa-1,sevoflurane,3000.0,42,0.7708333333333334,1.703125,0.4666666666666667
goa-1,sevoflurane,200.0,137,0.0,12.223958333333334,3.98125
goa-1,sevoflurane,200.0,219,0.0,13.234375,4.345555555555555
goa-1,sevoflurane,200.0,7,0.0,11.692708333333334,3.8144444444444443
goa-1,sevoflurane,200.0,91,0.0,13.166666666666666,4.308055555555556
goa-1,sevoflurane,30.0,7,0.0,29.359375,10.595694444444444
goa-1,sevoflurane,30.0,91,0.0,30.080729166666668,10.907083333333333
goa-1,sevoflurane,100.0,42,0.0,20.260416666666668,6.89625
goa-1,sevoflurane,100.0,137,0.0,19.046875,6.548472222222222
goa-1,sevoflurane,350.0,42,0.10416666666666667,8.015625,2.4784722222222224
goa-1,sevoflurane,350.0,137,0.08333333333333333,7.166666666666667,2.2533333333333334
goa-1,sevoflurane,350.0,219,0.0,8.114583333333334,2.546388888888889
goa-1,sevoflurane,350.0,7,0.08333333333333333,6.997395833333333,2.1681944444444445
goa-1,sevoflurane,350.0,91,0.020833333333333332,7.7734375,2.422638888888889
goa-1,sevoflurane,500.0,42,0.1875,5.888020833333333,1.7763888888888888
goa-1,sevoflurane,500.0,137,0.14583333333333334,5.611979166666667,1.697638888888889
goa-1,sevoflurane,500.0,219,0.08333333333333333,5.9296875,1.8059722222222223
goa-1,sevoflurane,100.0,219,0.0,20.184895833333332,6.942083333333334
goa-1,sevoflurane,100.0,7,0.0,18.463541666666668,6.3509722222222225
goa-1,sevoflurane,100.0,91,0.0,20.4140625,7.01125
goa-1,sevoflurane,200.0,42,0.0,13.135416666666666,4.281527777777778
goa-1,sevoflurane,500.0,7,0.22916666666666666,4.6953125,1.4188888888888889
goa-1,sevoflurane,500.0,91,0.10416666666666667,6.1640625,1.8604166666666666
goa-1,sevoflurane,1000.0,42,0.4583333333333333,3.3723958333333335,0.9606944444444444
goa-1,sevoflurane,1000.0,137,0.5833333333333334,3.0885416666666665,0.9094444444444445
dgk-1,halothane,10.0,42,0.0,31.713541666666668,10.894583333333333
dgk-1,halothane,10.0,137,0.0,30.0703125,10.434166666666666
dgk-1,halothane,10.0,219,0.0,31.760416666666668,11.003333333333334
dgk-1,halothane,10.0,7,0.0,30.401041666666668,10.509583333333333
goa-1,sevoflurane,3000.0,137,0.8333333333333334,1.7421875,0.4822222222222222
goa-1,sevoflurane,3000.0,219,0.8125,1.7838541666666667,0.5054166666666666
goa-1,sevoflurane,3000.0,7,0.7916666666666666,1.5546875,0.435
goa-1,sevoflurane,3000.0,91,0.7916666666666666,1.8723958333333333,0.5170833333333333
dgk-1,halothane,350.0,42,0.125,6.223958333333333,1.8058333333333334
dgk-1,halothane,350.0,137,0.125,5.4609375,1.6294444444444445
dgk-1,halothane,350.0,219,0.10416666666666667,6.364583333333333,1.8633333333333333
dgk-1,halothane,350.0,7,0.1875,5.200520833333333,1.5330555555555556
dgk-1,halothane,10.0,91,0.0,31.559895833333332,10.92388888888889
dgk-1,halothane,30.0,42,0.0,27.330729166666668,9.227222222222222
dgk-1,halothane,30.0,137,0.0,25.247395833333332,8.680694444444445
dgk-1,halothane,30.0,219,0.0,27.979166666666668,9.544583333333334
dgk-1,halothane,100.0,219,0.0,17.5390625,5.72375
dgk-1,halothane,100.0,7,0.0,16.088541666666668,5.2252777777777775
dgk-1,halothane,100.0,91,0.0,17.8125,5.789583333333334
dgk-1,halothane,200.0,42,0.0,10.770833333333334,3.317638888888889
dgk-1,halothane,30.0,7,0.0,25.997395833333332,8.836388888888889
dgk-1,halothane,30.0,91,0.0,27.489583333333332,9.341805555555556
dgk-1,halothane,100.0,42,0.0,17.265625,5.618055555555555
dgk-1,halothane,100.0,137,0.0,16.4921875,5.395138888888889
dgk-1,isoflurane,10.0,91,0.0,31.3203125,10.816666666666666
dgk-1,isoflurane,30.0,42,0.0,26.90625,9.081666666666667
dgk-1,isoflurane,30.0,137,0.0,24.697916666666668,8.459305555555556
dgk-1,isoflurane,30.0,219,0.0,27.4140625,9.3325
dgk-1,halothane,200.0,137,0.020833333333333332,10.096354166666666,3.1205555555555557
dgk-1,halothane,200.0,219,0.0,11.2109375,3.4544444444444444
dgk-1,halothane,200.0,7,0.0,9.619791666666666,2.95625
dgk-1,halothane,200.0,91,0.0,10.203125,3.183611111111111
dgk-1,halothane,350.0,91,0.0625,5.8984375,1.7313888888888889
dgk-1,halothane,500.0,42,0.3333333333333333,4.1953125,1.1668055555555557
dgk-1,halothane,500.0,137,0.375,3.7942708333333335,1.0834722222222222
dgk-1,halothane,500.0,219,0.3958333333333333,4.03125,1.146388888888889
dgk-1,halothane,1000.0,219,0.875,1.6822916666666667,0.4776388888888889
dgk-1,halothane,1000.0,7,0.8125,1.4973958333333333,0.42277777777777775
dgk-1,halothane,1000.0,91,0.8541666666666666,1.9713541666666667,0.5419444444444445
dgk-1,halothane,3000.0,42,1.0,0.6276041666666666,0.19944444444444445
dgk-1,halothane,500.0,7,0.4166666666666667,3.3645833333333335,0.9602777777777778
dgk-1,halothane,500.0,91,0.2916666666666667,4.052083333333333,1.1472222222222221
dgk-1,halothane,1000.0,42,0.8333333333333334,1.7317708333333333,0.4697222222222222
dgk-1,halothane,1000.0,137,0.8958333333333334,1.6197916666666667,0.4572222222222222
dgk-1,halothane,3000.0,137,1.0,0.6276041666666666,0.20347222222222222
dgk-1,halothane,3000.0,219,1.0,0.6901041666666666,0.21583333333333332
dgk-1,halothane,3000.0,7,0.9583333333333334,0.6666666666666666,0.21472222222222223
dgk-1,halothane,3000.0,91,0.9791666666666666,0.8020833333333334,0.2425
dgk-1,isoflurane,30.0,7,0.0,25.9375,8.797777777777778
dgk-1,isoflurane,30.0,91,0.0,27.0859375,9.195972222222222
dgk-1,isoflurane,100.0,42,0.0,16.203125,5.245972222222222
dgk-1,isoflurane,100.0,137,0.0,15.380208333333334,5.035972222222222
dgk-1,isoflurane,10.0,42,0.0,31.244791666666668,10.7375
dgk-1,isoflurane,10.0,137,0.0,29.7734375,10.33875
dgk-1,isoflurane,10.0,219,0.0,31.520833333333332,10.904861111111112
dgk-1,isoflurane,10.0,7,0.0,30.130208333333332,10.424861111111111
dgk-1,isoflurane,500.0,7,0.4791666666666667,3.265625,0.9344444444444444
dgk-1,isoflurane,500.0,91,0.2916666666666667,4.020833333333333,1.1440277777777779
dgk-1,isoflurane,1000.0,42,0.7916666666666666,1.828125,0.5029166666666667
dgk-1,isoflurane,1000.0,137,0.875,1.828125,0.5066666666666667
dgk-1,isoflurane,100.0,219,0.0,16.627604166666668,5.405833333333334
dgk-1,isoflurane,100.0,7,0.0,15.239583333333334,4.931111111111111
dgk-1,isoflurane,100.0,91,0.0,17.140625,5.542361111111111
dgk-1,isoflurane,200.0,42,0.0,10.182291666666666,3.122916666666667
dgk-1,isoflurane,200.0,137,0.020833333333333332,9.3671875,2.9030555555555555
dgk-1,isoflurane,200.0,219,0.0,10.546875,3.2408333333333332
dgk-1,isoflurane,200.0,7,0.041666666666666664,8.872395833333334,2.7311111111111113
dgk-1,isoflurane,200.0,91,0.0,9.549479166666666,2.9780555555555557
dgk-1,sevoflurane,100.0,219,0.0,16.46875,5.331388888888889
dgk-1,sevoflurane,100.0,7,0.0,14.830729166666666,4.794305555555556
dgk-1,sevoflurane,100.0,91,0.0,16.755208333333332,5.412638888888889
dgk-1,sevoflurane,200.0,42,0.0,9.958333333333334,3.0404166666666668
dgk-1,isoflurane,350.0,91,0.0625,5.677083333333333,1.6552777777777778
dgk-1,isoflurane,500.0,42,0.3541666666666667,4.114583333333333,1.14625
dgk-1,isoflurane,500.0,137,0.3958333333333333,3.671875,1.0533333333333332
dgk-1,isoflurane,500.0,219,0.3541666666666667,4.072916666666667,1.1575
dgk-1,isoflurane,350.0,42,0.125,6.0,1.7320833333333334
dgk-1,isoflurane,350.0,137,0.16666666666666666,5.34375,1.592638888888889
dgk-1,isoflurane,350.0,219,0.125,5.8984375,1.7434722222222223
dgk-1,isoflurane,350.0,7,0.22916666666666666,4.934895833333333,1.45375
dgk-1,isoflurane,1000.0,219,0.8333333333333334,1.7291666666666667,0.4936111111111111
dgk-1,isoflurane,1000.0,7,0.7708333333333334,1.6953125,0.4677777777777778
dgk-1,isoflurane,1000.0,91,0.7291666666666666,2.1119791666666665,0.5831944444444445
dgk-1,isoflurane,3000.0,42,1.0,0.65625,0.20930555555555555
dgk-1,isoflurane,3000.0,137,0.9791666666666666,0.8645833333333334,0.2477777777777778
dgk-1,isoflurane,3000.0,219,0.9791666666666666,0.8229166666666666,0.24513888888888888
dgk-1,isoflurane,3000.0,7,0.9375,0.8776041666666666,0.2565277777777778
dgk-1,isoflurane,3000.0,91,0.9583333333333334,0.9869791666666666,0.27708333333333335
dgk-1,sevoflurane,10.0,91,0.0,30.984375,10.699722222222222
dgk-1,sevoflurane,30.0,42,0.0,26.591145833333332,8.954305555555555
dgk-1,sevoflurane,30.0,137,0.0,24.729166666666668,8.45888888888889
dgk-1,sevoflurane,30.0,219,0.0,26.807291666666668,9.109166666666667
dgk-1,sevoflurane,10.0,42,0.0,30.799479166666668,10.574583333333333
dgk-1,sevoflurane,10.0,137,0.0,29.731770833333332,10.312916666666666
dgk-1,sevoflurane,10.0,219,0.0,31.427083333333332,10.862361111111111
dgk-1,sevoflurane,10.0,7,0.0,30.171875,10.416527777777778
dgk-1,sevoflurane,350.0,42,0.125,5.971354166666667,1.7333333333333334
dgk-1,sevoflurane,350.0,137,0.1875,5.315104166666667,1.5841666666666667
dgk-1,sevoflurane,350.0,219,0.125,6.005208333333333,1.7655555555555555
dgk-1,sevoflurane,350.0,7,0.22916666666666666,5.026041666666667,1.4813888888888889
dgk-1,sevoflurane,30.0,7,0.0,25.924479166666668,8.770694444444445
dgk-1,sevoflurane,30.0,91,0.0,26.703125,9.032777777777778
dgk-1,sevoflurane,100.0,42,0.0,15.6953125,5.067638888888889
dgk-1,sevoflurane,100.0,137,0.0,15.0078125,4.878611111111111
dgk-1,sevoflurane,200.0,137,0.041666666666666664,9.138020833333334,2.8241666666666667
dgk-1,sevoflurane,200.0,219,0.0,10.333333333333334,3.175
dgk-1,sevoflurane,200.0,7,0.041666666666666664,8.6640625,2.66125
dgk-1,sevoflurane,200.0,91,0.0,9.322916666666666,2.9029166666666666
dgk-1,sevoflurane,350.0,91,0.041666666666666664,5.671875,1.6491666666666667
dgk-1,sevoflurane,500.0,42,0.3333333333333333,4.1328125,1.1547222222222222
dgk-1,sevoflurane,500.0,137,0.3958333333333333,3.71875,1.0730555555555557
dgk-1,sevoflurane,500.0,219,0.3125,4.40625,1.2502777777777778
dgk-1,sevoflurane,1000.0,219,0.7083333333333334,1.9661458333333333,0.5588888888888889
dgk-1,sevoflurane,1000.0,7,0.75,1.8046875,0.5031944444444445
dgk-1,sevoflurane,1000.0,91,0.6875,2.2786458333333335,0.6377777777777778
dgk-1,sevoflurane,3000.0,42,0.9791666666666666,0.9453125,0.26958333333333334
dgk-1,sevoflurane,500.0,7,0.4791666666666667,3.40625,0.9791666666666666
dgk-1,sevoflurane,500.0,91,0.2708333333333333,4.192708333333333,1.1913888888888888
dgk-1,sevoflurane,1000.0,42,0.75,2.0520833333333335,0.5673611111111111
dgk-1,sevoflurane,1000.0,137,0.8125,2.0208333333333335,0.5651388888888889
dgk-1,sevoflurane,3000.0,137,0.9375,1.1041666666666667,0.29944444444444446
dgk-1,sevoflurane,3000.0,219,0.9583333333333334,1.1015625,0.30916666666666665
dgk-1,sevoflurane,3000.0,7,0.8958333333333334,1.0651041666666667,0.2965277777777778
dgk-1,sevoflurane,3000.0,91,0.9583333333333334,1.1223958333333333,0.3173611111111111
