subset,n_classes,predicted_EC50_uM,fold_error,passes,has_snare,has_complex_i
nca_block,1,,,False,False,False
complex_i_block|nca_block,2,,,False,False,True
gaba_potentiation|nca_block,2,,,False,False,False
k2p_potentiation|nca_block,2,,,False,False,False
nca_block|glucl_potentiation,2,,,False,False,False
nca_block|nachr_antagonism,2,,,False,False,False
snare_cooperativity|nca_block,2,1692.034100241409,4.976570883062968,False,True,False
complex_i_block|nca_block|glucl_potentiation,3,,,False,False,True
complex_i_block|nca_block|nachr_antagonism,3,,,False,False,True
complex_i_block|snare_cooperativity|nca_block,3,631.3616171380949,1.8569459327591025,True,True,True
gaba_potentiation|complex_i_block|nca_block,3,,,False,False,True
gaba_potentiation|k2p_potentiation|nca_block,3,,,False,False,False
gaba_potentiation|nca_block|glucl_potentiation,3,,,False,False,False
gaba_potentiation|nca_block|nachr_antagonism,3,,,False,False,False
gaba_potentiation|snare_cooperativity|nca_block,3,880.458268455328,2.5895831425156706,False,True,False
k2p_potentiation|complex_i_block|nca_block,3,,,False,False,True
k2p_potentiation|nca_block|glucl_potentiation,3,,,False,False,False
k2p_potentiation|nca_block|nachr_antagonism,3,,,False,False,False
k2p_potentiation|snare_cooperativity|nca_block,3,866.8260606250418,2.549488413603064,False,True,False
nca_block|nachr_antagonism|glucl_potentiation,3,,,False,False,False
snare_cooperativity|nca_block|glucl_potentiation,3,1024.995186620436,3.0146917253542234,False,True,False
snare_cooperativity|nca_block|nachr_antagonism,3,885.6092942517649,2.604733218387544,False,True,False
complex_i_block|nca_block|nachr_antagonism|glucl_potentiation,4,,,False,False,True
complex_i_block|snare_cooperativity|nca_block|glucl_potentiation,4,525.6465501473601,1.5460192651392946,True,True,True
complex_i_block|snare_cooperativity|nca_block|nachr_antagonism,4,484.28184357366183,1.4243583634519466,True,True,True
gaba_potentiation|complex_i_block|nca_block|glucl_potentiation,4,,,False,False,True
gaba_potentiation|complex_i_block|nca_block|nachr_antagonism,4,2946.4535218428246,8.666039770125954,False,False,True
gaba_potentiation|complex_i_block|snare_cooperativity|nca_block,4,492.4150849473836,1.4482796616099518,True,True,True
gaba_potentiation|k2p_potentiation|complex_i_block|nca_block,4,2945.569225593256,8.663438898803694,False,False,True
gaba_potentiation|k2p_potentiation|nca_block|glucl_potentiation,4,,,False,False,False
gaba_potentiation|k2p_potentiation|nca_block|nachr_antagonism,4,,,False,False,False
gaba_potentiation|k2p_potentiation|snare_cooperativity|nca_block,4,658.108060133322,1.9356119415685942,True,True,False
gaba_potentiation|nca_block|nachr_antagonism|glucl_potentiation,4,,,False,False,False
gaba_potentiation|snare_cooperativity|nca_block|glucl_potentiation,4,730.6081798912511,2.1488475879154443,False,True,False
gaba_potentiation|snare_cooperativity|nca_block|nachr_antagonism,4,660.5710799032253,1.9428561173624272,True,True,False
k2p_potentiation|complex_i_block|nca_block|glucl_potentiation,4,,,False,False,True
k2p_potentiation|complex_i_block|nca_block|nachr_antagonism,4,2944.6552322429084,8.660750683067377,False,False,True
k2p_potentiation|complex_i_block|snare_cooperativity|nca_block,4,476.60904315328594,1.4017913033920175,True,True,True
k2p_potentiation|nca_block|nachr_antagonism|glucl_potentiation,4,,,False,False,False
k2p_potentiation|snare_cooperativity|nca_block|glucl_potentiation,4,716.415235987974,2.1071036352587473,False,True,False
k2p_potentiation|snare_cooperativity|nca_block|nachr_antagonism,4,643.3324490047158,1.892154261778576,True,True,False
snare_cooperativity|nca_block|nachr_antagonism|glucl_potentiation,4,730.6081798912511,2.1488475879154443,False,True,False
complex_i_block|snare_cooperativity|nca_block|nachr_antagonism|glucl_potentiation,5,405.5964898315802,1.192930852445824,True,True,True
gaba_potentiation|complex_i_block|nca_block|nachr_antagonism|glucl_potentiation,5,1748.251976161722,5.141917576946241,False,False,True
gaba_potentiation|complex_i_block|snare_cooperativity|nca_block|glucl_potentiation,5,417.4099904319992,1.2276764424470563,True,True,True
gaba_potentiation|complex_i_block|snare_cooperativity|nca_block|nachr_antagonism,5,384.3525872500617,1.130448786029593,True,True,True
gaba_potentiation|k2p_potentiation|complex_i_block|nca_block|glucl_potentiation,5,1715.9997762945393,5.0470581655721745,False,False,True
gaba_potentiation|k2p_potentiation|complex_i_block|nca_block|nachr_antagonism,5,1150.0706579623927,3.38256075871292,False,False,True
gaba_potentiation|k2p_potentiation|complex_i_block|snare_cooperativity|nca_block,5,382.22178986970346,1.1241817349108925,True,True,True
gaba_potentiation|k2p_potentiation|nca_block|nachr_antagonism|glucl_potentiation,5,,,False,False,False
gaba_potentiation|k2p_potentiation|snare_cooperativity|nca_block|glucl_potentiation,5,548.4124898473132,1.612977911315627,True,True,False
gaba_potentiation|k2p_potentiation|snare_cooperativity|nca_block|nachr_antagonism,5,499.99999999999994,1.4705882352941175,True,True,False
gaba_potentiation|snare_cooperativity|nca_block|nachr_antagonism|glucl_potentiation,5,542.4819568218185,1.5955351671229956,True,True,False
k2p_potentiation|complex_i_block|nca_block|nachr_antagonism|glucl_potentiation,5,1647.6816217236242,4.846122416834189,False,False,True
k2p_potentiation|complex_i_block|snare_cooperativity|nca_block|glucl_potentiation,5,401.4631808630206,1.1807740613618254,True,True,True
k2p_potentiation|complex_i_block|snare_cooperativity|nca_block|nachr_antagonism,5,383.9085742099479,1.1291428653233762,True,True,True
k2p_potentiation|snare_cooperativity|nca_block|nachr_antagonism|glucl_potentiation,5,532.1850912266798,1.5652502683137641,True,True,False
gaba_potentiation|complex_i_block|snare_cooperativity|nca_block|nachr_antagonism|glucl_potentiation,6,338.9847460476861,1.0029949841818873,True,True,True
gaba_potentiation|k2p_potentiation|complex_i_block|nca_block|nachr_antagonism|glucl_potentiation,6,821.5486471168267,2.416319550343608,False,False,True
gaba_potentiation|k2p_potentiation|complex_i_block|snare_cooperativity|nca_block|glucl_potentiation,6,333.90705227559005,1.0182474364733727,True,True,True
gaba_potentiation|k2p_potentiation|complex_i_block|snare_cooperativity|nca_block|nachr_antagonism,6,314.1709062420829,1.0822135125969132,True,True,True
gaba_potentiation|k2p_potentiation|snare_cooperativity|nca_block|nachr_antagonism|glucl_potentiation,6,419.27543335832604,1.2331630392891941,True,True,False
k2p_potentiation|complex_i_block|snare_cooperativity|nca_block|nachr_antagonism|glucl_potentiation,6,324.5077437049825,1.047740790768623,True,True,True
gaba_potentiation|k2p_potentiation|complex_i_block|snare_cooperativity|nca_block|nachr_antagonism|glucl_potentiation,7,284.06059633922604,1.196927713247391,True,True,True
