mode,ablation,scenario,seed,duration_s,ctrl_FWD,ctrl_REV,ctrl_OMG,ctrl_PIR,ctrl_QUI,abl_FWD,abl_REV,abl_OMG,abl_PIR,abl_QUI,dREV,dOMG,dPIR,dQUI,dFWD,ctrl_rates_json,abl_rates_json,error
M2-pure,RIS / osmotic_shock,osmotic_shock,42,30.0,0.15,0.08666666666666667,0.03333333333333333,0.2,0.53,0.16,0.08166666666666667,0.03333333333333333,0.2,0.525,-0.0050000000000000044,0.0,0.0,-0.0050000000000000044,0.010000000000000009,"{""ALML"": {""pre_hz"": 1.75, ""peri_hz"": 1.0, ""delta_hz"": -0.75}, ""ALMR"": {""pre_hz"": 0.25, ""peri_hz"": 2.5, ""delta_hz"": 2.25}, ""AVM"": {""pre_hz"": 0.5, ""peri_hz"": 0.0, ""delta_hz"": -0.5}, ""AIBL"": {""pre_hz"": 11.5, ""peri_hz"": 54.0, ""delta_hz"": 42.5}, ""AIBR"": {""pre_hz"": 13.5, ""peri_hz"": 68.5, ""delta_hz"": 55.0}, ""AVAL"": {""pre_hz"": 34.0, ""peri_hz"": 157.0, ""delta_hz"": 123.0}, ""AVAR"": {""pre_hz"": 35.25, ""peri_hz"": 155.5, ""delta_hz"": 120.25}, ""AVEL"": {""pre_hz"": 30.5, ""peri_hz"": 109.5, ""delta_hz"": 79.0}, ""AVER"": {""pre_hz"": 31.25, ""peri_hz"": 128.0, ""delta_hz"": 96.75}, ""AVDL"": {""pre_hz"": 34.0, ""peri_hz"": 155.5, ""delta_hz"": 121.5}, ""AVDR"": {""pre_hz"": 34.0, ""peri_hz"": 155.0, ""delta_hz"": 121.0}, ""AVBL"": {""pre_hz"": 27.25, ""peri_hz"": 96.5, ""delta_hz"": 69.25}, ""AVBR"": {""pre_hz"": 32.0, ""peri_hz"": 125.5, ""delta_hz"": 93.5}, ""RIML"": {""pre_hz"": 19.25, ""peri_hz"": 74.0, ""delta_hz"": 54.75}, ""RIMR"": {""pre_hz"": 23.75, ""peri_hz"": 70.0, ""delta_hz"": 46.25}, ""RIS"": {""pre_hz"": 0.25, ""peri_hz"": 0.5, ""delta_hz"": 0.25}, ""PVCL"": {""pre_hz"": 34.0, ""peri_hz"": 155.5, ""delta_hz"": 121.5}, ""PVCR"": {""pre_hz"": 34.0, ""peri_hz"": 155.5, ""delta_hz"": 121.5}}","{""ALML"": {""pre_hz"": 1.75, ""peri_hz"": 1.0, ""delta_hz"": -0.75}, ""ALMR"": {""pre_hz"": 0.25, ""peri_hz"": 2.5, ""delta_hz"": 2.25}, ""AVM"": {""pre_hz"": 0.5, ""peri_hz"": 0.0, ""delta_hz"": -0.5}, ""AIBL"": {""pre_hz"": 11.0, ""peri_hz"": 49.5, ""delta_hz"": 38.5}, ""AIBR"": {""pre_hz"": 12.25, ""peri_hz"": 65.0, ""delta_hz"": 52.75}, ""AVAL"": {""pre_hz"": 32.75, ""peri_hz"": 157.0, ""delta_hz"": 124.25}, ""AVAR"": {""pre_hz"": 33.5, ""peri_hz"": 156.0, ""delta_hz"": 122.5}, ""AVEL"": {""pre_hz"": 29.75, ""peri_hz"": 104.0, ""delta_hz"": 74.25}, ""AVER"": {""pre_hz"": 30.0, ""peri_hz"": 123.0, ""delta_hz"": 93.0}, ""AVDL"": {""pre_hz"": 32.75, ""peri_hz"": 155.5, ""delta_hz"": 122.75}, ""AVDR"": {""pre_hz"": 32.75, ""peri_hz"": 155.5, ""delta_hz"": 122.75}, ""AVBL"": {""pre_hz"": 27.0, ""peri_hz"": 102.0, ""delta_hz"": 75.0}, ""AVBR"": {""pre_hz"": 31.75, ""peri_hz"": 129.0, ""delta_hz"": 97.25}, ""RIML"": {""pre_hz"": 16.75, ""peri_hz"": 72.0, ""delta_hz"": 55.25}, ""RIMR"": {""pre_hz"": 22.5, ""peri_hz"": 65.0, ""delta_hz"": 42.5}, ""RIS"": {""pre_hz"": 0.0, ""peri_hz"": 0.0, ""delta_hz"": 0.0}, ""PVCL"": {""pre_hz"": 32.75, ""peri_hz"": 155.5, ""delta_hz"": 122.75}, ""PVCR"": {""pre_hz"": 32.75, ""peri_hz"": 155.5, ""delta_hz"": 122.75}}",
M2-pure,RIS / osmotic_shock,osmotic_shock,43,30.0,0.10666666666666667,0.05333333333333334,0.0,0.6233333333333333,0.21666666666666667,0.10666666666666667,0.05333333333333334,0.0,0.6233333333333333,0.21666666666666667,0.0,0.0,0.0,0.0,0.0,"{""ALML"": {""pre_hz"": 0.75, ""peri_hz"": 1.0, ""delta_hz"": 0.25}, ""ALMR"": {""pre_hz"": 0.5, ""peri_hz"": 0.5, ""delta_hz"": 0.0}, ""AVM"": {""pre_hz"": 0.5, ""peri_hz"": 1.5, ""delta_hz"": 1.0}, ""AIBL"": {""pre_hz"": 9.75, ""peri_hz"": 56.0, ""delta_hz"": 46.25}, ""AIBR"": {""pre_hz"": 12.25, ""peri_hz"": 64.0, ""delta_hz"": 51.75}, ""AVAL"": {""pre_hz"": 38.0, ""peri_hz"": 150.0, ""delta_hz"": 112.0}, ""AVAR"": {""pre_hz"": 38.75, ""peri_hz"": 148.5, ""delta_hz"": 109.75}, ""AVEL"": {""pre_hz"": 36.25, ""peri_hz"": 106.5, ""delta_hz"": 70.25}, ""AVER"": {""pre_hz"": 35.0, ""peri_hz"": 120.0, ""delta_hz"": 85.0}, ""AVDL"": {""pre_hz"": 37.75, ""peri_hz"": 148.0, ""delta_hz"": 110.25}, ""AVDR"": {""pre_hz"": 37.75, ""peri_hz"": 148.0, ""delta_hz"": 110.25}, ""AVBL"": {""pre_hz"": 30.75, ""peri_hz"": 88.5, ""delta_hz"": 57.75}, ""AVBR"": {""pre_hz"": 36.0, ""peri_hz"": 120.5, ""delta_hz"": 84.5}, ""RIML"": {""pre_hz"": 21.25, ""peri_hz"": 70.0, ""delta_hz"": 48.75}, ""RIMR"": {""pre_hz"": 25.5, ""peri_hz"": 69.0, ""delta_hz"": 43.5}, ""RIS"": {""pre_hz"": 0.5, ""peri_hz"": 0.5, ""delta_hz"": 0.0}, ""PVCL"": {""pre_hz"": 37.75, ""peri_hz"": 148.0, ""delta_hz"": 110.25}, ""PVCR"": {""pre_hz"": 37.75, ""peri_hz"": 148.0, ""delta_hz"": 110.25}}","{""ALML"": {""pre_hz"": 0.75, ""peri_hz"": 1.0, ""delta_hz"": 0.25}, ""ALMR"": {""pre_hz"": 0.5, ""peri_hz"": 0.5, ""delta_hz"": 0.0}, ""AVM"": {""pre_hz"": 0.5, ""peri_hz"": 1.0, ""delta_hz"": 0.5}, ""AIBL"": {""pre_hz"": 9.5, ""peri_hz"": 57.5, ""delta_hz"": 48.0}, ""AIBR"": {""pre_hz"": 10.75, ""peri_hz"": 61.0, ""delta_hz"": 50.25}, ""AVAL"": {""pre_hz"": 36.5, ""peri_hz"": 148.5, ""delta_hz"": 112.0}, ""AVAR"": {""pre_hz"": 37.25, ""peri_hz"": 147.5, ""delta_hz"": 110.25}, ""AVEL"": {""pre_hz"": 33.75, ""peri_hz"": 98.5, ""delta_hz"": 64.75}, ""AVER"": {""pre_hz"": 34.5, ""peri_hz"": 116.5, ""delta_hz"": 82.0}, ""AVDL"": {""pre_hz"": 36.25, ""peri_hz"": 147.0, ""delta_hz"": 110.75}, ""AVDR"": {""pre_hz"": 36.25, ""peri_hz"": 147.0, ""delta_hz"": 110.75}, ""AVBL"": {""pre_hz"": 30.75, ""peri_hz"": 89.0, ""delta_hz"": 58.25}, ""AVBR"": {""pre_hz"": 35.25, ""peri_hz"": 120.5, ""delta_hz"": 85.25}, ""RIML"": {""pre_hz"": 17.75, ""peri_hz"": 66.0, ""delta_hz"": 48.25}, ""RIMR"": {""pre_hz"": 24.5, ""peri_hz"": 66.5, ""delta_hz"": 42.0}, ""RIS"": {""pre_hz"": 0.0, ""peri_hz"": 0.0, ""delta_hz"": 0.0}, ""PVCL"": {""pre_hz"": 36.25, ""peri_hz"": 147.0, ""delta_hz"": 110.75}, ""PVCR"": {""pre_hz"": 36.25, ""peri_hz"": 147.0, ""delta_hz"": 110.75}}",
M2-pure,RIS / osmotic_shock,osmotic_shock,44,30.0,0.13,0.15833333333333333,0.03333333333333333,0.4,0.2783333333333333,0.13666666666666666,0.13333333333333333,0.03333333333333333,0.4,0.2966666666666667,-0.024999999999999994,0.0,0.0,0.018333333333333368,0.006666666666666654,"{""ALML"": {""pre_hz"": 0.5, ""peri_hz"": 2.5, ""delta_hz"": 2.0}, ""ALMR"": {""pre_hz"": 0.5, ""peri_hz"": 0.5, ""delta_hz"": 0.0}, ""AVM"": {""pre_hz"": 2.0, ""peri_hz"": 1.5, ""delta_hz"": -0.5}, ""AIBL"": {""pre_hz"": 10.75, ""peri_hz"": 50.5, ""delta_hz"": 39.75}, ""AIBR"": {""pre_hz"": 11.25, ""peri_hz"": 66.0, ""delta_hz"": 54.75}, ""AVAL"": {""pre_hz"": 36.5, ""peri_hz"": 158.5, ""delta_hz"": 122.0}, ""AVAR"": {""pre_hz"": 37.0, ""peri_hz"": 157.5, ""delta_hz"": 120.5}, ""AVEL"": {""pre_hz"": 34.0, ""peri_hz"": 112.5, ""delta_hz"": 78.5}, ""AVER"": {""pre_hz"": 33.75, ""peri_hz"": 129.0, ""delta_hz"": 95.25}, ""AVDL"": {""pre_hz"": 36.5, ""peri_hz"": 157.5, ""delta_hz"": 121.0}, ""AVDR"": {""pre_hz"": 36.5, ""peri_hz"": 157.5, ""delta_hz"": 121.0}, ""AVBL"": {""pre_hz"": 32.0, ""peri_hz"": 106.0, ""delta_hz"": 74.0}, ""AVBR"": {""pre_hz"": 35.75, ""peri_hz"": 129.0, ""delta_hz"": 93.25}, ""RIML"": {""pre_hz"": 18.75, ""peri_hz"": 73.0, ""delta_hz"": 54.25}, ""RIMR"": {""pre_hz"": 25.5, ""peri_hz"": 69.5, ""delta_hz"": 44.0}, ""RIS"": {""pre_hz"": 0.5, ""peri_hz"": 1.5, ""delta_hz"": 1.0}, ""PVCL"": {""pre_hz"": 36.5, ""peri_hz"": 157.5, ""delta_hz"": 121.0}, ""PVCR"": {""pre_hz"": 37.0, ""peri_hz"": 157.5, ""delta_hz"": 120.5}}","{""ALML"": {""pre_hz"": 0.5, ""peri_hz"": 2.0, ""delta_hz"": 1.5}, ""ALMR"": {""pre_hz"": 0.5, ""peri_hz"": 0.5, ""delta_hz"": 0.0}, ""AVM"": {""pre_hz"": 2.0, ""peri_hz"": 1.5, ""delta_hz"": -0.5}, ""AIBL"": {""pre_hz"": 9.25, ""peri_hz"": 49.5, ""delta_hz"": 40.25}, ""AIBR"": {""pre_hz"": 11.5, ""peri_hz"": 66.5, ""delta_hz"": 55.0}, ""AVAL"": {""pre_hz"": 35.75, ""peri_hz"": 156.0, ""delta_hz"": 120.25}, ""AVAR"": {""pre_hz"": 36.5, ""peri_hz"": 155.0, ""delta_hz"": 118.5}, ""AVEL"": {""pre_hz"": 33.0, ""peri_hz"": 103.5, ""delta_hz"": 70.5}, ""AVER"": {""pre_hz"": 32.75, ""peri_hz"": 127.5, ""delta_hz"": 94.75}, ""AVDL"": {""pre_hz"": 35.5, ""peri_hz"": 155.0, ""delta_hz"": 119.5}, ""AVDR"": {""pre_hz"": 35.5, ""peri_hz"": 155.0, ""delta_hz"": 119.5}, ""AVBL"": {""pre_hz"": 32.75, ""peri_hz"": 108.0, ""delta_hz"": 75.25}, ""AVBR"": {""pre_hz"": 35.0, ""peri_hz"": 127.5, ""delta_hz"": 92.5}, ""RIML"": {""pre_hz"": 18.75, ""peri_hz"": 71.0, ""delta_hz"": 52.25}, ""RIMR"": {""pre_hz"": 23.75, ""peri_hz"": 65.0, ""delta_hz"": 41.25}, ""RIS"": {""pre_hz"": 0.0, ""peri_hz"": 0.0, ""delta_hz"": 0.0}, ""PVCL"": {""pre_hz"": 35.5, ""peri_hz"": 155.0, ""delta_hz"": 119.5}, ""PVCR"": {""pre_hz"": 36.0, ""peri_hz"": 155.0, ""delta_hz"": 119.0}}",
M2-pure,RIS / osmotic_shock,osmotic_shock,45,30.0,0.16,0.07833333333333334,0.0,0.38333333333333336,0.37833333333333335,0.15,0.06166666666666667,0.0,0.38333333333333336,0.405,-0.01666666666666667,0.0,0.0,0.026666666666666672,-0.010000000000000009,"{""ALML"": {""pre_hz"": 1.75, ""peri_hz"": 2.0, ""delta_hz"": 0.25}, ""ALMR"": {""pre_hz"": 0.5, ""peri_hz"": 1.0, ""delta_hz"": 0.5}, ""AVM"": {""pre_hz"": 0.25, ""peri_hz"": 1.0, ""delta_hz"": 0.75}, ""AIBL"": {""pre_hz"": 10.0, ""peri_hz"": 54.0, ""delta_hz"": 44.0}, ""AIBR"": {""pre_hz"": 12.0, ""peri_hz"": 67.5, ""delta_hz"": 55.5}, ""AVAL"": {""pre_hz"": 37.25, ""peri_hz"": 148.0, ""delta_hz"": 110.75}, ""AVAR"": {""pre_hz"": 37.5, ""peri_hz"": 146.0, ""delta_hz"": 108.5}, ""AVEL"": {""pre_hz"": 33.0, ""peri_hz"": 107.0, ""delta_hz"": 74.0}, ""AVER"": {""pre_hz"": 32.0, ""peri_hz"": 116.5, ""delta_hz"": 84.5}, ""AVDL"": {""pre_hz"": 36.5, ""peri_hz"": 145.0, ""delta_hz"": 108.5}, ""AVDR"": {""pre_hz"": 36.5, ""peri_hz"": 145.0, ""delta_hz"": 108.5}, ""AVBL"": {""pre_hz"": 32.0, ""peri_hz"": 88.5, ""delta_hz"": 56.5}, ""AVBR"": {""pre_hz"": 35.75, ""peri_hz"": 113.5, ""delta_hz"": 77.75}, ""RIML"": {""pre_hz"": 21.0, ""peri_hz"": 76.0, ""delta_hz"": 55.0}, ""RIMR"": {""pre_hz"": 23.75, ""peri_hz"": 66.5, ""delta_hz"": 42.75}, ""RIS"": {""pre_hz"": 1.25, ""peri_hz"": 0.0, ""delta_hz"": -1.25}, ""PVCL"": {""pre_hz"": 36.5, ""peri_hz"": 145.0, ""delta_hz"": 108.5}, ""PVCR"": {""pre_hz"": 36.5, ""peri_hz"": 145.5, ""delta_hz"": 109.0}}","{""ALML"": {""pre_hz"": 1.5, ""peri_hz"": 2.0, ""delta_hz"": 0.5}, ""ALMR"": {""pre_hz"": 0.5, ""peri_hz"": 1.0, ""delta_hz"": 0.5}, ""AVM"": {""pre_hz"": 0.25, ""peri_hz"": 1.0, ""delta_hz"": 0.75}, ""AIBL"": {""pre_hz"": 9.5, ""peri_hz"": 51.5, ""delta_hz"": 42.0}, ""AIBR"": {""pre_hz"": 11.0, ""peri_hz"": 67.5, ""delta_hz"": 56.5}, ""AVAL"": {""pre_hz"": 34.0, ""peri_hz"": 146.0, ""delta_hz"": 112.0}, ""AVAR"": {""pre_hz"": 34.5, ""peri_hz"": 144.5, ""delta_hz"": 110.0}, ""AVEL"": {""pre_hz"": 30.25, ""peri_hz"": 99.5, ""delta_hz"": 69.25}, ""AVER"": {""pre_hz"": 30.75, ""peri_hz"": 117.5, ""delta_hz"": 86.75}, ""AVDL"": {""pre_hz"": 33.75, ""peri_hz"": 144.0, ""delta_hz"": 110.25}, ""AVDR"": {""pre_hz"": 33.75, ""peri_hz"": 144.0, ""delta_hz"": 110.25}, ""AVBL"": {""pre_hz"": 30.5, ""peri_hz"": 91.5, ""delta_hz"": 61.0}, ""AVBR"": {""pre_hz"": 33.5, ""peri_hz"": 113.0, ""delta_hz"": 79.5}, ""RIML"": {""pre_hz"": 18.5, ""peri_hz"": 74.0, ""delta_hz"": 55.5}, ""RIMR"": {""pre_hz"": 22.0, ""peri_hz"": 62.5, ""delta_hz"": 40.5}, ""RIS"": {""pre_hz"": 0.0, ""peri_hz"": 0.0, ""delta_hz"": 0.0}, ""PVCL"": {""pre_hz"": 33.75, ""peri_hz"": 144.0, ""delta_hz"": 110.25}, ""PVCR"": {""pre_hz"": 33.75, ""peri_hz"": 144.5, ""delta_hz"": 110.75}}",
M2-pure,RIS / osmotic_shock,osmotic_shock,46,30.0,0.12,0.09166666666666666,0.03333333333333333,0.5383333333333333,0.21666666666666667,0.23833333333333334,0.10666666666666667,0.0,0.32166666666666666,0.3333333333333333,0.015000000000000013,-0.03333333333333333,-0.21666666666666667,0.11666666666666664,0.11833333333333335,"{""ALML"": {""pre_hz"": 1.5, ""peri_hz"": 1.0, ""delta_hz"": -0.5}, ""ALMR"": {""pre_hz"": 1.5, ""peri_hz"": 2.0, ""delta_hz"": 0.5}, ""AVM"": {""pre_hz"": 0.75, ""peri_hz"": 0.5, ""delta_hz"": -0.25}, ""AIBL"": {""pre_hz"": 10.0, ""peri_hz"": 50.0, ""delta_hz"": 40.0}, ""AIBR"": {""pre_hz"": 13.5, ""peri_hz"": 65.0, ""delta_hz"": 51.5}, ""AVAL"": {""pre_hz"": 42.25, ""peri_hz"": 159.0, ""delta_hz"": 116.75}, ""AVAR"": {""pre_hz"": 42.5, ""peri_hz"": 158.5, ""delta_hz"": 116.0}, ""AVEL"": {""pre_hz"": 39.25, ""peri_hz"": 110.0, ""delta_hz"": 70.75}, ""AVER"": {""pre_hz"": 37.75, ""peri_hz"": 123.5, ""delta_hz"": 85.75}, ""AVDL"": {""pre_hz"": 41.5, ""peri_hz"": 156.5, ""delta_hz"": 115.0}, ""AVDR"": {""pre_hz"": 41.5, ""peri_hz"": 156.5, ""delta_hz"": 115.0}, ""AVBL"": {""pre_hz"": 33.25, ""peri_hz"": 100.0, ""delta_hz"": 66.75}, ""AVBR"": {""pre_hz"": 39.5, ""peri_hz"": 127.0, ""delta_hz"": 87.5}, ""RIML"": {""pre_hz"": 22.25, ""peri_hz"": 72.5, ""delta_hz"": 50.25}, ""RIMR"": {""pre_hz"": 27.0, ""peri_hz"": 69.0, ""delta_hz"": 42.0}, ""RIS"": {""pre_hz"": 0.75, ""peri_hz"": 0.0, ""delta_hz"": -0.75}, ""PVCL"": {""pre_hz"": 41.5, ""peri_hz"": 156.5, ""delta_hz"": 115.0}, ""PVCR"": {""pre_hz"": 41.5, ""peri_hz"": 156.5, ""delta_hz"": 115.0}}","{""ALML"": {""pre_hz"": 1.5, ""peri_hz"": 1.5, ""delta_hz"": 0.0}, ""ALMR"": {""pre_hz"": 1.5, ""peri_hz"": 2.0, ""delta_hz"": 0.5}, ""AVM"": {""pre_hz"": 0.75, ""peri_hz"": 0.5, ""delta_hz"": -0.25}, ""AIBL"": {""pre_hz"": 9.75, ""peri_hz"": 49.5, ""delta_hz"": 39.75}, ""AIBR"": {""pre_hz"": 12.5, ""peri_hz"": 63.5, ""delta_hz"": 51.0}, ""AVAL"": {""pre_hz"": 40.5, ""peri_hz"": 159.0, ""delta_hz"": 118.5}, ""AVAR"": {""pre_hz"": 40.25, ""peri_hz"": 158.5, ""delta_hz"": 118.25}, ""AVEL"": {""pre_hz"": 36.5, ""peri_hz"": 105.5, ""delta_hz"": 69.0}, ""AVER"": {""pre_hz"": 36.25, ""peri_hz"": 122.5, ""delta_hz"": 86.25}, ""AVDL"": {""pre_hz"": 39.5, ""peri_hz"": 156.5, ""delta_hz"": 117.0}, ""AVDR"": {""pre_hz"": 39.5, ""peri_hz"": 156.5, ""delta_hz"": 117.0}, ""AVBL"": {""pre_hz"": 31.75, ""peri_hz"": 97.0, ""delta_hz"": 65.25}, ""AVBR"": {""pre_hz"": 37.75, ""peri_hz"": 123.5, ""delta_hz"": 85.75}, ""RIML"": {""pre_hz"": 20.25, ""peri_hz"": 70.5, ""delta_hz"": 50.25}, ""RIMR"": {""pre_hz"": 24.75, ""peri_hz"": 67.0, ""delta_hz"": 42.25}, ""RIS"": {""pre_hz"": 0.0, ""peri_hz"": 0.0, ""delta_hz"": 0.0}, ""PVCL"": {""pre_hz"": 39.5, ""peri_hz"": 156.5, ""delta_hz"": 117.0}, ""PVCR"": {""pre_hz"": 39.5, ""peri_hz"": 156.5, ""delta_hz"": 117.0}}",
M2-pure,NSM / food,food,42,30.0,0.2733333333333333,0.37833333333333335,0.03333333333333333,0.18166666666666667,0.13333333333333333,0.17666666666666667,0.03333333333333333,0.1,0.0,0.69,-0.34500000000000003,0.06666666666666668,-0.18166666666666667,0.5566666666666666,-0.09666666666666665,"{""ALML"": {""pre_hz"": 1.5, ""peri_hz"": 1.5, ""delta_hz"": 0.0}, ""ALMR"": {""pre_hz"": 0.25, ""peri_hz"": 0.5, ""delta_hz"": 0.25}, ""AVM"": {""pre_hz"": 0.25, ""peri_hz"": 0.5, ""delta_hz"": 0.25}, ""AIBL"": {""pre_hz"": 25.25, ""peri_hz"": 29.5, ""delta_hz"": 4.25}, ""AIBR"": {""pre_hz"": 29.25, ""peri_hz"": 36.0, ""delta_hz"": 6.75}, ""AVAL"": {""pre_hz"": 53.75, ""peri_hz"": 64.0, ""delta_hz"": 10.25}, ""AVAR"": {""pre_hz"": 55.75, ""peri_hz"": 66.0, ""delta_hz"": 10.25}, ""AVEL"": {""pre_hz"": 54.25, ""peri_hz"": 63.5, ""delta_hz"": 9.25}, ""AVER"": {""pre_hz"": 49.5, ""peri_hz"": 60.0, ""delta_hz"": 10.5}, ""AVDL"": {""pre_hz"": 53.5, ""peri_hz"": 64.0, ""delta_hz"": 10.5}, ""AVDR"": {""pre_hz"": 53.5, ""peri_hz"": 64.0, ""delta_hz"": 10.5}, ""AVBL"": {""pre_hz"": 38.0, ""peri_hz"": 42.0, ""delta_hz"": 4.0}, ""AVBR"": {""pre_hz"": 48.75, ""peri_hz"": 56.5, ""delta_hz"": 7.75}, ""RIML"": {""pre_hz"": 36.0, ""peri_hz"": 41.0, ""delta_hz"": 5.0}, ""RIMR"": {""pre_hz"": 39.75, ""peri_hz"": 42.5, ""delta_hz"": 2.75}, ""RIS"": {""pre_hz"": 0.0, ""peri_hz"": 1.0, ""delta_hz"": 1.0}, ""PVCL"": {""pre_hz"": 53.75, ""peri_hz"": 64.0, ""delta_hz"": 10.25}, ""PVCR"": {""pre_hz"": 53.75, ""peri_hz"": 64.0, ""delta_hz"": 10.25}}","{""ALML"": {""pre_hz"": 1.5, ""peri_hz"": 1.0, ""delta_hz"": -0.5}, ""ALMR"": {""pre_hz"": 0.25, ""peri_hz"": 0.5, ""delta_hz"": 0.25}, ""AVM"": {""pre_hz"": 0.25, ""peri_hz"": 0.5, ""delta_hz"": 0.25}, ""AIBL"": {""pre_hz"": 25.5, ""peri_hz"": 28.0, ""delta_hz"": 2.5}, ""AIBR"": {""pre_hz"": 29.5, ""peri_hz"": 36.0, ""delta_hz"": 6.5}, ""AVAL"": {""pre_hz"": 54.0, ""peri_hz"": 63.0, ""delta_hz"": 9.0}, ""AVAR"": {""pre_hz"": 55.75, ""peri_hz"": 63.5, ""delta_hz"": 7.75}, ""AVEL"": {""pre_hz"": 52.75, ""peri_hz"": 64.0, ""delta_hz"": 11.25}, ""AVER"": {""pre_hz"": 49.25, ""peri_hz"": 57.0, ""delta_hz"": 7.75}, ""AVDL"": {""pre_hz"": 54.0, ""peri_hz"": 63.0, ""delta_hz"": 9.0}, ""AVDR"": {""pre_hz"": 54.0, ""peri_hz"": 63.0, ""delta_hz"": 9.0}, ""AVBL"": {""pre_hz"": 37.5, ""peri_hz"": 40.5, ""delta_hz"": 3.0}, ""AVBR"": {""pre_hz"": 50.5, ""peri_hz"": 56.0, ""delta_hz"": 5.5}, ""RIML"": {""pre_hz"": 36.25, ""peri_hz"": 40.5, ""delta_hz"": 4.25}, ""RIMR"": {""pre_hz"": 40.5, ""peri_hz"": 43.0, ""delta_hz"": 2.5}, ""RIS"": {""pre_hz"": 0.0, ""peri_hz"": 0.5, ""delta_hz"": 0.5}, ""PVCL"": {""pre_hz"": 54.0, ""peri_hz"": 63.0, ""delta_hz"": 9.0}, ""PVCR"": {""pre_hz"": 54.0, ""peri_hz"": 63.0, ""delta_hz"": 9.0}}",
M2-pure,NSM / food,food,43,30.0,0.205,0.22333333333333333,0.0,0.10166666666666667,0.47,0.135,0.07,0.03333333333333333,0.0,0.7616666666666667,-0.15333333333333332,0.03333333333333333,-0.10166666666666667,0.29166666666666674,-0.06999999999999998,"{""ALML"": {""pre_hz"": 1.0, ""peri_hz"": 1.0, ""delta_hz"": 0.0}, ""ALMR"": {""pre_hz"": 0.25, ""peri_hz"": 0.0, ""delta_hz"": -0.25}, ""AVM"": {""pre_hz"": 1.0, ""peri_hz"": 1.5, ""delta_hz"": 0.5}, ""AIBL"": {""pre_hz"": 19.25, ""peri_hz"": 31.5, ""delta_hz"": 12.25}, ""AIBR"": {""pre_hz"": 25.0, ""peri_hz"": 30.5, ""delta_hz"": 5.5}, ""AVAL"": {""pre_hz"": 47.5, ""peri_hz"": 53.0, ""delta_hz"": 5.5}, ""AVAR"": {""pre_hz"": 48.75, ""peri_hz"": 54.0, ""delta_hz"": 5.25}, ""AVEL"": {""pre_hz"": 48.0, ""peri_hz"": 56.5, ""delta_hz"": 8.5}, ""AVER"": {""pre_hz"": 44.0, ""peri_hz"": 49.5, ""delta_hz"": 5.5}, ""AVDL"": {""pre_hz"": 47.25, ""peri_hz"": 53.0, ""delta_hz"": 5.75}, ""AVDR"": {""pre_hz"": 47.0, ""peri_hz"": 53.0, ""delta_hz"": 6.0}, ""AVBL"": {""pre_hz"": 35.5, ""peri_hz"": 32.5, ""delta_hz"": -3.0}, ""AVBR"": {""pre_hz"": 42.5, ""peri_hz"": 46.0, ""delta_hz"": 3.5}, ""RIML"": {""pre_hz"": 31.5, ""peri_hz"": 34.5, ""delta_hz"": 3.0}, ""RIMR"": {""pre_hz"": 33.0, ""peri_hz"": 42.0, ""delta_hz"": 9.0}, ""RIS"": {""pre_hz"": 0.5, ""peri_hz"": 0.0, ""delta_hz"": -0.5}, ""PVCL"": {""pre_hz"": 47.25, ""peri_hz"": 53.0, ""delta_hz"": 5.75}, ""PVCR"": {""pre_hz"": 47.25, ""peri_hz"": 53.0, ""delta_hz"": 5.75}}","{""ALML"": {""pre_hz"": 1.0, ""peri_hz"": 1.0, ""delta_hz"": 0.0}, ""ALMR"": {""pre_hz"": 0.25, ""peri_hz"": 0.0, ""delta_hz"": -0.25}, ""AVM"": {""pre_hz"": 1.0, ""peri_hz"": 1.5, ""delta_hz"": 0.5}, ""AIBL"": {""pre_hz"": 19.25, ""peri_hz"": 31.5, ""delta_hz"": 12.25}, ""AIBR"": {""pre_hz"": 25.0, ""peri_hz"": 30.5, ""delta_hz"": 5.5}, ""AVAL"": {""pre_hz"": 47.5, ""peri_hz"": 53.0, ""delta_hz"": 5.5}, ""AVAR"": {""pre_hz"": 48.5, ""peri_hz"": 54.0, ""delta_hz"": 5.5}, ""AVEL"": {""pre_hz"": 46.75, ""peri_hz"": 55.5, ""delta_hz"": 8.75}, ""AVER"": {""pre_hz"": 43.25, ""peri_hz"": 49.0, ""delta_hz"": 5.75}, ""AVDL"": {""pre_hz"": 47.25, ""peri_hz"": 53.0, ""delta_hz"": 5.75}, ""AVDR"": {""pre_hz"": 47.25, ""peri_hz"": 53.0, ""delta_hz"": 5.75}, ""AVBL"": {""pre_hz"": 35.5, ""peri_hz"": 32.0, ""delta_hz"": -3.5}, ""AVBR"": {""pre_hz"": 41.5, ""peri_hz"": 46.0, ""delta_hz"": 4.5}, ""RIML"": {""pre_hz"": 31.5, ""peri_hz"": 34.5, ""delta_hz"": 3.0}, ""RIMR"": {""pre_hz"": 34.0, ""peri_hz"": 42.0, ""delta_hz"": 8.0}, ""RIS"": {""pre_hz"": 0.5, ""peri_hz"": 0.0, ""delta_hz"": -0.5}, ""PVCL"": {""pre_hz"": 47.25, ""peri_hz"": 53.0, ""delta_hz"": 5.75}, ""PVCR"": {""pre_hz"": 47.25, ""peri_hz"": 53.0, ""delta_hz"": 5.75}}",
M2-pure,NSM / food,food,44,30.0,0.23,0.30333333333333334,0.03333333333333333,0.1,0.3333333333333333,0.16833333333333333,0.016666666666666666,0.1,0.0,0.715,-0.2866666666666667,0.06666666666666668,-0.1,0.38166666666666665,-0.061666666666666675,"{""ALML"": {""pre_hz"": 0.5, ""peri_hz"": 1.5, ""delta_hz"": 1.0}, ""ALMR"": {""pre_hz"": 1.5, ""peri_hz"": 0.0, ""delta_hz"": -1.5}, ""AVM"": {""pre_hz"": 2.5, ""peri_hz"": 1.0, ""delta_hz"": -1.5}, ""AIBL"": {""pre_hz"": 24.75, ""peri_hz"": 27.0, ""delta_hz"": 2.25}, ""AIBR"": {""pre_hz"": 26.5, ""peri_hz"": 32.0, ""delta_hz"": 5.5}, ""AVAL"": {""pre_hz"": 53.25, ""peri_hz"": 61.0, ""delta_hz"": 7.75}, ""AVAR"": {""pre_hz"": 54.0, ""peri_hz"": 61.5, ""delta_hz"": 7.5}, ""AVEL"": {""pre_hz"": 53.25, ""peri_hz"": 55.0, ""delta_hz"": 1.75}, ""AVER"": {""pre_hz"": 47.5, ""peri_hz"": 53.5, ""delta_hz"": 6.0}, ""AVDL"": {""pre_hz"": 52.75, ""peri_hz"": 60.5, ""delta_hz"": 7.75}, ""AVDR"": {""pre_hz"": 52.75, ""peri_hz"": 60.5, ""delta_hz"": 7.75}, ""AVBL"": {""pre_hz"": 35.75, ""peri_hz"": 39.5, ""delta_hz"": 3.75}, ""AVBR"": {""pre_hz"": 47.0, ""peri_hz"": 53.5, ""delta_hz"": 6.5}, ""RIML"": {""pre_hz"": 33.5, ""peri_hz"": 36.5, ""delta_hz"": 3.0}, ""RIMR"": {""pre_hz"": 39.0, ""peri_hz"": 42.0, ""delta_hz"": 3.0}, ""RIS"": {""pre_hz"": 0.25, ""peri_hz"": 0.5, ""delta_hz"": 0.25}, ""PVCL"": {""pre_hz"": 52.75, ""peri_hz"": 60.5, ""delta_hz"": 7.75}, ""PVCR"": {""pre_hz"": 53.25, ""peri_hz"": 60.5, ""delta_hz"": 7.25}}","{""ALML"": {""pre_hz"": 0.5, ""peri_hz"": 2.0, ""delta_hz"": 1.5}, ""ALMR"": {""pre_hz"": 1.5, ""peri_hz"": 0.0, ""delta_hz"": -1.5}, ""AVM"": {""pre_hz"": 2.5, ""peri_hz"": 1.0, ""delta_hz"": -1.5}, ""AIBL"": {""pre_hz"": 24.75, ""peri_hz"": 25.5, ""delta_hz"": 0.75}, ""AIBR"": {""pre_hz"": 26.0, ""peri_hz"": 30.0, ""delta_hz"": 4.0}, ""AVAL"": {""pre_hz"": 50.75, ""peri_hz"": 53.0, ""delta_hz"": 2.25}, ""AVAR"": {""pre_hz"": 51.0, ""peri_hz"": 54.5, ""delta_hz"": 3.5}, ""AVEL"": {""pre_hz"": 51.0, ""peri_hz"": 48.5, ""delta_hz"": -2.5}, ""AVER"": {""pre_hz"": 45.0, ""peri_hz"": 46.0, ""delta_hz"": 1.0}, ""AVDL"": {""pre_hz"": 50.25, ""peri_hz"": 52.5, ""delta_hz"": 2.25}, ""AVDR"": {""pre_hz"": 50.25, ""peri_hz"": 52.5, ""delta_hz"": 2.25}, ""AVBL"": {""pre_hz"": 34.0, ""peri_hz"": 34.5, ""delta_hz"": 0.5}, ""AVBR"": {""pre_hz"": 44.0, ""peri_hz"": 47.5, ""delta_hz"": 3.5}, ""RIML"": {""pre_hz"": 31.5, ""peri_hz"": 35.0, ""delta_hz"": 3.5}, ""RIMR"": {""pre_hz"": 37.25, ""peri_hz"": 40.0, ""delta_hz"": 2.75}, ""RIS"": {""pre_hz"": 0.25, ""peri_hz"": 0.5, ""delta_hz"": 0.25}, ""PVCL"": {""pre_hz"": 50.25, ""peri_hz"": 52.5, ""delta_hz"": 2.25}, ""PVCR"": {""pre_hz"": 50.5, ""peri_hz"": 52.5, ""delta_hz"": 2.0}}",
M2-pure,NSM / food,food,45,30.0,0.17166666666666666,0.165,0.0,0.20166666666666666,0.46166666666666667,0.11166666666666666,0.016666666666666666,0.03333333333333333,0.10166666666666667,0.7366666666666667,-0.14833333333333334,0.03333333333333333,-0.09999999999999999,0.275,-0.06,"{""ALML"": {""pre_hz"": 1.25, ""peri_hz"": 0.0, ""delta_hz"": -1.25}, ""ALMR"": {""pre_hz"": 0.5, ""peri_hz"": 0.0, ""delta_hz"": -0.5}, ""AVM"": {""pre_hz"": 0.5, ""peri_hz"": 0.5, ""delta_hz"": 0.0}, ""AIBL"": {""pre_hz"": 21.0, ""peri_hz"": 25.5, ""delta_hz"": 4.5}, ""AIBR"": {""pre_hz"": 21.5, ""peri_hz"": 35.0, ""delta_hz"": 13.5}, ""AVAL"": {""pre_hz"": 48.75, ""peri_hz"": 58.5, ""delta_hz"": 9.75}, ""AVAR"": {""pre_hz"": 50.25, ""peri_hz"": 59.0, ""delta_hz"": 8.75}, ""AVEL"": {""pre_hz"": 47.0, ""peri_hz"": 56.0, ""delta_hz"": 9.0}, ""AVER"": {""pre_hz"": 43.5, ""peri_hz"": 53.5, ""delta_hz"": 10.0}, ""AVDL"": {""pre_hz"": 48.75, ""peri_hz"": 58.5, ""delta_hz"": 9.75}, ""AVDR"": {""pre_hz"": 48.75, ""peri_hz"": 58.5, ""delta_hz"": 9.75}, ""AVBL"": {""pre_hz"": 36.0, ""peri_hz"": 40.5, ""delta_hz"": 4.5}, ""AVBR"": {""pre_hz"": 45.75, ""peri_hz"": 54.0, ""delta_hz"": 8.25}, ""RIML"": {""pre_hz"": 29.75, ""peri_hz"": 42.5, ""delta_hz"": 12.75}, ""RIMR"": {""pre_hz"": 35.5, ""peri_hz"": 40.0, ""delta_hz"": 4.5}, ""RIS"": {""pre_hz"": 0.5, ""peri_hz"": 0.0, ""delta_hz"": -0.5}, ""PVCL"": {""pre_hz"": 48.75, ""peri_hz"": 58.5, ""delta_hz"": 9.75}, ""PVCR"": {""pre_hz"": 48.75, ""peri_hz"": 58.5, ""delta_hz"": 9.75}}","{""ALML"": {""pre_hz"": 1.25, ""peri_hz"": 0.0, ""delta_hz"": -1.25}, ""ALMR"": {""pre_hz"": 0.5, ""peri_hz"": 0.0, ""delta_hz"": -0.5}, ""AVM"": {""pre_hz"": 0.5, ""peri_hz"": 0.5, ""delta_hz"": 0.0}, ""AIBL"": {""pre_hz"": 21.0, ""peri_hz"": 25.0, ""delta_hz"": 4.0}, ""AIBR"": {""pre_hz"": 21.5, ""peri_hz"": 36.0, ""delta_hz"": 14.5}, ""AVAL"": {""pre_hz"": 48.75, ""peri_hz"": 58.0, ""delta_hz"": 9.25}, ""AVAR"": {""pre_hz"": 50.25, ""peri_hz"": 59.0, ""delta_hz"": 8.75}, ""AVEL"": {""pre_hz"": 47.0, ""peri_hz"": 55.0, ""delta_hz"": 8.0}, ""AVER"": {""pre_hz"": 43.5, ""peri_hz"": 52.5, ""delta_hz"": 9.0}, ""AVDL"": {""pre_hz"": 48.75, ""peri_hz"": 58.0, ""delta_hz"": 9.25}, ""AVDR"": {""pre_hz"": 48.75, ""peri_hz"": 58.0, ""delta_hz"": 9.25}, ""AVBL"": {""pre_hz"": 36.0, ""peri_hz"": 39.5, ""delta_hz"": 3.5}, ""AVBR"": {""pre_hz"": 45.75, ""peri_hz"": 53.5, ""delta_hz"": 7.75}, ""RIML"": {""pre_hz"": 29.75, ""peri_hz"": 43.0, ""delta_hz"": 13.25}, ""RIMR"": {""pre_hz"": 35.5, ""peri_hz"": 39.5, ""delta_hz"": 4.0}, ""RIS"": {""pre_hz"": 0.5, ""peri_hz"": 0.0, ""delta_hz"": -0.5}, ""PVCL"": {""pre_hz"": 48.75, ""peri_hz"": 58.0, ""delta_hz"": 9.25}, ""PVCR"": {""pre_hz"": 48.75, ""peri_hz"": 58.0, ""delta_hz"": 9.25}}",
M2-pure,NSM / food,food,46,30.0,0.2816666666666667,0.375,0.03333333333333333,0.0,0.31,0.145,0.051666666666666666,0.03333333333333333,0.0,0.77,-0.32333333333333336,0.0,0.0,0.46,-0.1366666666666667,"{""ALML"": {""pre_hz"": 1.5, ""peri_hz"": 2.0, ""delta_hz"": 0.5}, ""ALMR"": {""pre_hz"": 1.0, ""peri_hz"": 1.5, ""delta_hz"": 0.5}, ""AVM"": {""pre_hz"": 1.0, ""peri_hz"": 0.5, ""delta_hz"": -0.5}, ""AIBL"": {""pre_hz"": 23.0, ""peri_hz"": 26.5, ""delta_hz"": 3.5}, ""AIBR"": {""pre_hz"": 25.5, ""peri_hz"": 33.0, ""delta_hz"": 7.5}, ""AVAL"": {""pre_hz"": 57.5, ""peri_hz"": 58.0, ""delta_hz"": 0.5}, ""AVAR"": {""pre_hz"": 57.0, ""peri_hz"": 58.5, ""delta_hz"": 1.5}, ""AVEL"": {""pre_hz"": 55.5, ""peri_hz"": 56.0, ""delta_hz"": 0.5}, ""AVER"": {""pre_hz"": 51.0, ""peri_hz"": 51.0, ""delta_hz"": 0.0}, ""AVDL"": {""pre_hz"": 56.25, ""peri_hz"": 58.0, ""delta_hz"": 1.75}, ""AVDR"": {""pre_hz"": 56.25, ""peri_hz"": 58.0, ""delta_hz"": 1.75}, ""AVBL"": {""pre_hz"": 41.0, ""peri_hz"": 41.0, ""delta_hz"": 0.0}, ""AVBR"": {""pre_hz"": 49.0, ""peri_hz"": 54.0, ""delta_hz"": 5.0}, ""RIML"": {""pre_hz"": 31.75, ""peri_hz"": 40.5, ""delta_hz"": 8.75}, ""RIMR"": {""pre_hz"": 40.75, ""peri_hz"": 37.5, ""delta_hz"": -3.25}, ""RIS"": {""pre_hz"": 0.5, ""peri_hz"": 0.5, ""delta_hz"": 0.0}, ""PVCL"": {""pre_hz"": 56.25, ""peri_hz"": 58.0, ""delta_hz"": 1.75}, ""PVCR"": {""pre_hz"": 56.5, ""peri_hz"": 58.0, ""delta_hz"": 1.5}}","{""ALML"": {""pre_hz"": 1.5, ""peri_hz"": 2.0, ""delta_hz"": 0.5}, ""ALMR"": {""pre_hz"": 1.0, ""peri_hz"": 1.5, ""delta_hz"": 0.5}, ""AVM"": {""pre_hz"": 1.0, ""peri_hz"": 0.5, ""delta_hz"": -0.5}, ""AIBL"": {""pre_hz"": 23.0, ""peri_hz"": 27.0, ""delta_hz"": 4.0}, ""AIBR"": {""pre_hz"": 25.75, ""peri_hz"": 32.5, ""delta_hz"": 6.75}, ""AVAL"": {""pre_hz"": 57.0, ""peri_hz"": 58.0, ""delta_hz"": 1.0}, ""AVAR"": {""pre_hz"": 56.75, ""peri_hz"": 58.0, ""delta_hz"": 1.25}, ""AVEL"": {""pre_hz"": 55.25, ""peri_hz"": 55.0, ""delta_hz"": -0.25}, ""AVER"": {""pre_hz"": 50.5, ""peri_hz"": 51.0, ""delta_hz"": 0.5}, ""AVDL"": {""pre_hz"": 56.0, ""peri_hz"": 57.5, ""delta_hz"": 1.5}, ""AVDR"": {""pre_hz"": 56.0, ""peri_hz"": 57.5, ""delta_hz"": 1.5}, ""AVBL"": {""pre_hz"": 41.5, ""peri_hz"": 40.0, ""delta_hz"": -1.5}, ""AVBR"": {""pre_hz"": 49.5, ""peri_hz"": 53.0, ""delta_hz"": 3.5}, ""RIML"": {""pre_hz"": 32.0, ""peri_hz"": 40.5, ""delta_hz"": 8.5}, ""RIMR"": {""pre_hz"": 40.0, ""peri_hz"": 37.5, ""delta_hz"": -2.5}, ""RIS"": {""pre_hz"": 0.5, ""peri_hz"": 0.5, ""delta_hz"": 0.0}, ""PVCL"": {""pre_hz"": 56.0, ""peri_hz"": 57.5, ""delta_hz"": 1.5}, ""PVCR"": {""pre_hz"": 56.25, ""peri_hz"": 57.5, ""delta_hz"": 1.25}}",
M2-pure,RIM / touch,touch,42,30.0,0.14833333333333334,0.06,0.03333333333333333,0.3,0.4583333333333333,0.25333333333333335,0.33166666666666667,0.03333333333333333,0.0,0.38166666666666665,0.27166666666666667,0.0,-0.3,-0.07666666666666666,0.10500000000000001,"{""ALML"": {""pre_hz"": 1.75, ""peri_hz"": 86.0, ""delta_hz"": 84.25}, ""ALMR"": {""pre_hz"": 0.25, ""peri_hz"": 92.0, ""delta_hz"": 91.75}, ""AVM"": {""pre_hz"": 0.5, ""peri_hz"": 90.0, ""delta_hz"": 89.5}, ""AIBL"": {""pre_hz"": 11.5, ""peri_hz"": 14.0, ""delta_hz"": 2.5}, ""AIBR"": {""pre_hz"": 13.5, ""peri_hz"": 22.5, ""delta_hz"": 9.0}, ""AVAL"": {""pre_hz"": 34.0, ""peri_hz"": 98.0, ""delta_hz"": 64.0}, ""AVAR"": {""pre_hz"": 35.25, ""peri_hz"": 99.0, ""delta_hz"": 63.75}, ""AVEL"": {""pre_hz"": 30.5, ""peri_hz"": 82.5, ""delta_hz"": 52.0}, ""AVER"": {""pre_hz"": 31.25, ""peri_hz"": 81.0, ""delta_hz"": 49.75}, ""AVDL"": {""pre_hz"": 34.0, ""peri_hz"": 98.0, ""delta_hz"": 64.0}, ""AVDR"": {""pre_hz"": 34.0, ""peri_hz"": 98.0, ""delta_hz"": 64.0}, ""AVBL"": {""pre_hz"": 27.25, ""peri_hz"": 84.5, ""delta_hz"": 57.25}, ""AVBR"": {""pre_hz"": 32.0, ""peri_hz"": 92.0, ""delta_hz"": 60.0}, ""RIML"": {""pre_hz"": 19.25, ""peri_hz"": 38.0, ""delta_hz"": 18.75}, ""RIMR"": {""pre_hz"": 23.75, ""peri_hz"": 36.5, ""delta_hz"": 12.75}, ""RIS"": {""pre_hz"": 0.25, ""peri_hz"": 3.5, ""delta_hz"": 3.25}, ""PVCL"": {""pre_hz"": 34.0, ""peri_hz"": 98.0, ""delta_hz"": 64.0}, ""PVCR"": {""pre_hz"": 34.0, ""peri_hz"": 111.5, ""delta_hz"": 77.5}}","{""ALML"": {""pre_hz"": 1.75, ""peri_hz"": 86.0, ""delta_hz"": 84.25}, ""ALMR"": {""pre_hz"": 0.25, ""peri_hz"": 92.0, ""delta_hz"": 91.75}, ""AVM"": {""pre_hz"": 0.5, ""peri_hz"": 90.0, ""delta_hz"": 89.5}, ""AIBL"": {""pre_hz"": 14.25, ""peri_hz"": 14.5, ""delta_hz"": 0.25}, ""AIBR"": {""pre_hz"": 14.0, ""peri_hz"": 28.0, ""delta_hz"": 14.0}, ""AVAL"": {""pre_hz"": 33.0, ""peri_hz"": 98.5, ""delta_hz"": 65.5}, ""AVAR"": {""pre_hz"": 33.25, ""peri_hz"": 99.0, ""delta_hz"": 65.75}, ""AVEL"": {""pre_hz"": 22.25, ""peri_hz"": 57.0, ""delta_hz"": 34.75}, ""AVER"": {""pre_hz"": 23.75, ""peri_hz"": 65.0, ""delta_hz"": 41.25}, ""AVDL"": {""pre_hz"": 33.0, ""peri_hz"": 98.0, ""delta_hz"": 65.0}, ""AVDR"": {""pre_hz"": 33.0, ""peri_hz"": 98.0, ""delta_hz"": 65.0}, ""AVBL"": {""pre_hz"": 29.0, ""peri_hz"": 86.0, ""delta_hz"": 57.0}, ""AVBR"": {""pre_hz"": 33.5, ""peri_hz"": 97.0, ""delta_hz"": 63.5}, ""RIML"": {""pre_hz"": 1.5, ""peri_hz"": 2.5, ""delta_hz"": 1.0}, ""RIMR"": {""pre_hz"": 2.5, ""peri_hz"": 3.5, ""delta_hz"": 1.0}, ""RIS"": {""pre_hz"": 0.0, ""peri_hz"": 2.5, ""delta_hz"": 2.5}, ""PVCL"": {""pre_hz"": 33.0, ""peri_hz"": 98.0, ""delta_hz"": 65.0}, ""PVCR"": {""pre_hz"": 33.0, ""peri_hz"": 109.5, ""delta_hz"": 76.5}}",
M2-pure,RIM / touch,touch,43,30.0,0.22333333333333333,0.27166666666666667,0.0,0.30333333333333334,0.20166666666666666,0.23833333333333334,0.2916666666666667,0.0,0.30333333333333334,0.16666666666666666,0.020000000000000018,0.0,0.0,-0.035,0.015000000000000013,"{""ALML"": {""pre_hz"": 0.75, ""peri_hz"": 89.5, ""delta_hz"": 88.75}, ""ALMR"": {""pre_hz"": 0.5, ""peri_hz"": 91.0, ""delta_hz"": 90.5}, ""AVM"": {""pre_hz"": 0.5, ""peri_hz"": 94.5, ""delta_hz"": 94.0}, ""AIBL"": {""pre_hz"": 9.75, ""peri_hz"": 11.5, ""delta_hz"": 1.75}, ""AIBR"": {""pre_hz"": 12.25, ""peri_hz"": 19.5, ""delta_hz"": 7.25}, ""AVAL"": {""pre_hz"": 38.0, ""peri_hz"": 102.0, ""delta_hz"": 64.0}, ""AVAR"": {""pre_hz"": 38.75, ""peri_hz"": 103.0, ""delta_hz"": 64.25}, ""AVEL"": {""pre_hz"": 36.25, ""peri_hz"": 83.5, ""delta_hz"": 47.25}, ""AVER"": {""pre_hz"": 35.0, ""peri_hz"": 82.5, ""delta_hz"": 47.5}, ""AVDL"": {""pre_hz"": 37.75, ""peri_hz"": 102.0, ""delta_hz"": 64.25}, ""AVDR"": {""pre_hz"": 37.75, ""peri_hz"": 102.0, ""delta_hz"": 64.25}, ""AVBL"": {""pre_hz"": 30.75, ""peri_hz"": 87.5, ""delta_hz"": 56.75}, ""AVBR"": {""pre_hz"": 36.0, ""peri_hz"": 96.5, ""delta_hz"": 60.5}, ""RIML"": {""pre_hz"": 21.25, ""peri_hz"": 32.5, ""delta_hz"": 11.25}, ""RIMR"": {""pre_hz"": 25.5, ""peri_hz"": 34.5, ""delta_hz"": 9.0}, ""RIS"": {""pre_hz"": 0.5, ""peri_hz"": 0.0, ""delta_hz"": -0.5}, ""PVCL"": {""pre_hz"": 37.75, ""peri_hz"": 102.0, ""delta_hz"": 64.25}, ""PVCR"": {""pre_hz"": 37.75, ""peri_hz"": 108.0, ""delta_hz"": 70.25}}","{""ALML"": {""pre_hz"": 1.0, ""peri_hz"": 88.0, ""delta_hz"": 87.0}, ""ALMR"": {""pre_hz"": 0.5, ""peri_hz"": 91.5, ""delta_hz"": 91.0}, ""AVM"": {""pre_hz"": 0.5, ""peri_hz"": 94.0, ""delta_hz"": 93.5}, ""AIBL"": {""pre_hz"": 13.5, ""peri_hz"": 16.5, ""delta_hz"": 3.0}, ""AIBR"": {""pre_hz"": 11.75, ""peri_hz"": 22.0, ""delta_hz"": 10.25}, ""AVAL"": {""pre_hz"": 34.5, ""peri_hz"": 104.0, ""delta_hz"": 69.5}, ""AVAR"": {""pre_hz"": 35.25, ""peri_hz"": 104.5, ""delta_hz"": 69.25}, ""AVEL"": {""pre_hz"": 26.0, ""peri_hz"": 60.0, ""delta_hz"": 34.0}, ""AVER"": {""pre_hz"": 24.75, ""peri_hz"": 62.5, ""delta_hz"": 37.75}, ""AVDL"": {""pre_hz"": 34.0, ""peri_hz"": 104.0, ""delta_hz"": 70.0}, ""AVDR"": {""pre_hz"": 34.0, ""peri_hz"": 104.0, ""delta_hz"": 70.0}, ""AVBL"": {""pre_hz"": 28.75, ""peri_hz"": 91.5, ""delta_hz"": 62.75}, ""AVBR"": {""pre_hz"": 35.0, ""peri_hz"": 103.0, ""delta_hz"": 68.0}, ""RIML"": {""pre_hz"": 0.25, ""peri_hz"": 2.0, ""delta_hz"": 1.75}, ""RIMR"": {""pre_hz"": 2.75, ""peri_hz"": 5.5, ""delta_hz"": 2.75}, ""RIS"": {""pre_hz"": 0.5, ""peri_hz"": 0.5, ""delta_hz"": 0.0}, ""PVCL"": {""pre_hz"": 34.0, ""peri_hz"": 104.0, ""delta_hz"": 70.0}, ""PVCR"": {""pre_hz"": 34.0, ""peri_hz"": 112.5, ""delta_hz"": 78.5}}",
M2-pure,RIM / touch,touch,44,30.0,0.27666666666666667,0.42333333333333334,0.03333333333333333,0.2,0.06666666666666667,0.25333333333333335,0.445,0.03333333333333333,0.2,0.06833333333333333,0.021666666666666667,0.0,0.0,0.0016666666666666635,-0.023333333333333317,"{""ALML"": {""pre_hz"": 0.5, ""peri_hz"": 82.5, ""delta_hz"": 82.0}, ""ALMR"": {""pre_hz"": 0.5, ""peri_hz"": 82.0, ""delta_hz"": 81.5}, ""AVM"": {""pre_hz"": 2.0, ""peri_hz"": 85.5, ""delta_hz"": 83.5}, ""AIBL"": {""pre_hz"": 10.75, ""peri_hz"": 14.0, ""delta_hz"": 3.25}, ""AIBR"": {""pre_hz"": 11.25, ""peri_hz"": 16.0, ""delta_hz"": 4.75}, ""AVAL"": {""pre_hz"": 36.5, ""peri_hz"": 98.5, ""delta_hz"": 62.0}, ""AVAR"": {""pre_hz"": 37.0, ""peri_hz"": 97.5, ""delta_hz"": 60.5}, ""AVEL"": {""pre_hz"": 34.0, ""peri_hz"": 83.5, ""delta_hz"": 49.5}, ""AVER"": {""pre_hz"": 33.75, ""peri_hz"": 86.0, ""delta_hz"": 52.25}, ""AVDL"": {""pre_hz"": 36.5, ""peri_hz"": 97.5, ""delta_hz"": 61.0}, ""AVDR"": {""pre_hz"": 36.5, ""peri_hz"": 97.5, ""delta_hz"": 61.0}, ""AVBL"": {""pre_hz"": 32.0, ""peri_hz"": 81.0, ""delta_hz"": 49.0}, ""AVBR"": {""pre_hz"": 35.75, ""peri_hz"": 92.0, ""delta_hz"": 56.25}, ""RIML"": {""pre_hz"": 18.75, ""peri_hz"": 32.5, ""delta_hz"": 13.75}, ""RIMR"": {""pre_hz"": 25.5, ""peri_hz"": 37.5, ""delta_hz"": 12.0}, ""RIS"": {""pre_hz"": 0.5, ""peri_hz"": 3.0, ""delta_hz"": 2.5}, ""PVCL"": {""pre_hz"": 36.5, ""peri_hz"": 97.5, ""delta_hz"": 61.0}, ""PVCR"": {""pre_hz"": 37.0, ""peri_hz"": 110.0, ""delta_hz"": 73.0}}","{""ALML"": {""pre_hz"": 0.75, ""peri_hz"": 82.0, ""delta_hz"": 81.25}, ""ALMR"": {""pre_hz"": 0.5, ""peri_hz"": 83.5, ""delta_hz"": 83.0}, ""AVM"": {""pre_hz"": 1.75, ""peri_hz"": 85.0, ""delta_hz"": 83.25}, ""AIBL"": {""pre_hz"": 12.0, ""peri_hz"": 15.5, ""delta_hz"": 3.5}, ""AIBR"": {""pre_hz"": 12.25, ""peri_hz"": 17.5, ""delta_hz"": 5.25}, ""AVAL"": {""pre_hz"": 31.0, ""peri_hz"": 95.0, ""delta_hz"": 64.0}, ""AVAR"": {""pre_hz"": 31.25, ""peri_hz"": 94.0, ""delta_hz"": 62.75}, ""AVEL"": {""pre_hz"": 24.0, ""peri_hz"": 56.0, ""delta_hz"": 32.0}, ""AVER"": {""pre_hz"": 23.5, ""peri_hz"": 57.0, ""delta_hz"": 33.5}, ""AVDL"": {""pre_hz"": 30.5, ""peri_hz"": 94.0, ""delta_hz"": 63.5}, ""AVDR"": {""pre_hz"": 30.5, ""peri_hz"": 94.0, ""delta_hz"": 63.5}, ""AVBL"": {""pre_hz"": 27.75, ""peri_hz"": 84.5, ""delta_hz"": 56.75}, ""AVBR"": {""pre_hz"": 32.25, ""peri_hz"": 96.0, ""delta_hz"": 63.75}, ""RIML"": {""pre_hz"": 0.75, ""peri_hz"": 0.5, ""delta_hz"": -0.25}, ""RIMR"": {""pre_hz"": 1.5, ""peri_hz"": 3.5, ""delta_hz"": 2.0}, ""RIS"": {""pre_hz"": 0.5, ""peri_hz"": 1.5, ""delta_hz"": 1.0}, ""PVCL"": {""pre_hz"": 30.5, ""peri_hz"": 95.0, ""delta_hz"": 64.5}, ""PVCR"": {""pre_hz"": 30.75, ""peri_hz"": 104.0, ""delta_hz"": 73.25}}",
M2-pure,RIM / touch,touch,45,30.0,0.22666666666666666,0.22166666666666668,0.0,0.2833333333333333,0.2683333333333333,0.20666666666666667,0.16333333333333333,0.0,0.2833333333333333,0.3466666666666667,-0.05833333333333335,0.0,0.0,0.07833333333333337,-0.01999999999999999,"{""ALML"": {""pre_hz"": 1.75, ""peri_hz"": 90.0, ""delta_hz"": 88.25}, ""ALMR"": {""pre_hz"": 0.5, ""peri_hz"": 84.0, ""delta_hz"": 83.5}, ""AVM"": {""pre_hz"": 0.25, ""peri_hz"": 87.5, ""delta_hz"": 87.25}, ""AIBL"": {""pre_hz"": 10.0, ""peri_hz"": 16.0, ""delta_hz"": 6.0}, ""AIBR"": {""pre_hz"": 12.0, ""peri_hz"": 16.0, ""delta_hz"": 4.0}, ""AVAL"": {""pre_hz"": 37.25, ""peri_hz"": 98.5, ""delta_hz"": 61.25}, ""AVAR"": {""pre_hz"": 37.5, ""peri_hz"": 99.5, ""delta_hz"": 62.0}, ""AVEL"": {""pre_hz"": 33.0, ""peri_hz"": 83.0, ""delta_hz"": 50.0}, ""AVER"": {""pre_hz"": 32.0, ""peri_hz"": 84.5, ""delta_hz"": 52.5}, ""AVDL"": {""pre_hz"": 36.5, ""peri_hz"": 98.5, ""delta_hz"": 62.0}, ""AVDR"": {""pre_hz"": 36.5, ""peri_hz"": 98.5, ""delta_hz"": 62.0}, ""AVBL"": {""pre_hz"": 32.0, ""peri_hz"": 84.5, ""delta_hz"": 52.5}, ""AVBR"": {""pre_hz"": 35.75, ""peri_hz"": 93.5, ""delta_hz"": 57.75}, ""RIML"": {""pre_hz"": 21.0, ""peri_hz"": 28.5, ""delta_hz"": 7.5}, ""RIMR"": {""pre_hz"": 23.75, ""peri_hz"": 35.5, ""delta_hz"": 11.75}, ""RIS"": {""pre_hz"": 1.25, ""peri_hz"": 1.5, ""delta_hz"": 0.25}, ""PVCL"": {""pre_hz"": 36.5, ""peri_hz"": 98.5, ""delta_hz"": 62.0}, ""PVCR"": {""pre_hz"": 36.5, ""peri_hz"": 108.0, ""delta_hz"": 71.5}}","{""ALML"": {""pre_hz"": 2.0, ""peri_hz"": 91.5, ""delta_hz"": 89.5}, ""ALMR"": {""pre_hz"": 0.5, ""peri_hz"": 85.0, ""delta_hz"": 84.5}, ""AVM"": {""pre_hz"": 0.25, ""peri_hz"": 87.5, ""delta_hz"": 87.25}, ""AIBL"": {""pre_hz"": 11.5, ""peri_hz"": 18.0, ""delta_hz"": 6.5}, ""AIBR"": {""pre_hz"": 13.75, ""peri_hz"": 17.5, ""delta_hz"": 3.75}, ""AVAL"": {""pre_hz"": 34.5, ""peri_hz"": 93.0, ""delta_hz"": 58.5}, ""AVAR"": {""pre_hz"": 34.75, ""peri_hz"": 93.5, ""delta_hz"": 58.75}, ""AVEL"": {""pre_hz"": 23.25, ""peri_hz"": 53.0, ""delta_hz"": 29.75}, ""AVER"": {""pre_hz"": 24.5, ""peri_hz"": 53.5, ""delta_hz"": 29.0}, ""AVDL"": {""pre_hz"": 33.75, ""peri_hz"": 93.0, ""delta_hz"": 59.25}, ""AVDR"": {""pre_hz"": 34.0, ""peri_hz"": 93.0, ""delta_hz"": 59.0}, ""AVBL"": {""pre_hz"": 30.75, ""peri_hz"": 84.5, ""delta_hz"": 53.75}, ""AVBR"": {""pre_hz"": 35.0, ""peri_hz"": 90.0, ""delta_hz"": 55.0}, ""RIML"": {""pre_hz"": 0.5, ""peri_hz"": 1.0, ""delta_hz"": 0.5}, ""RIMR"": {""pre_hz"": 2.25, ""peri_hz"": 3.0, ""delta_hz"": 0.75}, ""RIS"": {""pre_hz"": 0.25, ""peri_hz"": 0.5, ""delta_hz"": 0.25}, ""PVCL"": {""pre_hz"": 34.0, ""peri_hz"": 93.0, ""delta_hz"": 59.0}, ""PVCR"": {""pre_hz"": 34.0, ""peri_hz"": 101.0, ""delta_hz"": 67.0}}",
M2-pure,RIM / touch,touch,46,30.0,0.24166666666666667,0.25666666666666665,0.03333333333333333,0.2,0.2683333333333333,0.275,0.31166666666666665,0.03333333333333333,0.2,0.18,0.05499999999999999,0.0,0.0,-0.08833333333333332,0.033333333333333354,"{""ALML"": {""pre_hz"": 1.5, ""peri_hz"": 85.0, ""delta_hz"": 83.5}, ""ALMR"": {""pre_hz"": 1.5, ""peri_hz"": 89.5, ""delta_hz"": 88.0}, ""AVM"": {""pre_hz"": 0.75, ""peri_hz"": 86.5, ""delta_hz"": 85.75}, ""AIBL"": {""pre_hz"": 10.0, ""peri_hz"": 15.0, ""delta_hz"": 5.0}, ""AIBR"": {""pre_hz"": 13.5, ""peri_hz"": 16.5, ""delta_hz"": 3.0}, ""AVAL"": {""pre_hz"": 42.25, ""peri_hz"": 92.0, ""delta_hz"": 49.75}, ""AVAR"": {""pre_hz"": 42.5, ""peri_hz"": 92.5, ""delta_hz"": 50.0}, ""AVEL"": {""pre_hz"": 39.25, ""peri_hz"": 76.5, ""delta_hz"": 37.25}, ""AVER"": {""pre_hz"": 37.75, ""peri_hz"": 77.0, ""delta_hz"": 39.25}, ""AVDL"": {""pre_hz"": 41.5, ""peri_hz"": 92.0, ""delta_hz"": 50.5}, ""AVDR"": {""pre_hz"": 41.5, ""peri_hz"": 92.0, ""delta_hz"": 50.5}, ""AVBL"": {""pre_hz"": 33.25, ""peri_hz"": 76.0, ""delta_hz"": 42.75}, ""AVBR"": {""pre_hz"": 39.5, ""peri_hz"": 89.5, ""delta_hz"": 50.0}, ""RIML"": {""pre_hz"": 22.25, ""peri_hz"": 28.5, ""delta_hz"": 6.25}, ""RIMR"": {""pre_hz"": 27.0, ""peri_hz"": 38.0, ""delta_hz"": 11.0}, ""RIS"": {""pre_hz"": 0.75, ""peri_hz"": 4.0, ""delta_hz"": 3.25}, ""PVCL"": {""pre_hz"": 41.5, ""peri_hz"": 92.0, ""delta_hz"": 50.5}, ""PVCR"": {""pre_hz"": 41.5, ""peri_hz"": 100.0, ""delta_hz"": 58.5}}","{""ALML"": {""pre_hz"": 1.5, ""peri_hz"": 84.5, ""delta_hz"": 83.0}, ""ALMR"": {""pre_hz"": 2.0, ""peri_hz"": 90.0, ""delta_hz"": 88.0}, ""AVM"": {""pre_hz"": 0.75, ""peri_hz"": 85.5, ""delta_hz"": 84.75}, ""AIBL"": {""pre_hz"": 12.0, ""peri_hz"": 18.0, ""delta_hz"": 6.0}, ""AIBR"": {""pre_hz"": 15.0, ""peri_hz"": 21.0, ""delta_hz"": 6.0}, ""AVAL"": {""pre_hz"": 36.25, ""peri_hz"": 92.5, ""delta_hz"": 56.25}, ""AVAR"": {""pre_hz"": 36.5, ""peri_hz"": 93.0, ""delta_hz"": 56.5}, ""AVEL"": {""pre_hz"": 25.5, ""peri_hz"": 56.0, ""delta_hz"": 30.5}, ""AVER"": {""pre_hz"": 25.75, ""peri_hz"": 57.5, ""delta_hz"": 31.75}, ""AVDL"": {""pre_hz"": 35.25, ""peri_hz"": 92.5, ""delta_hz"": 57.25}, ""AVDR"": {""pre_hz"": 35.25, ""peri_hz"": 92.0, ""delta_hz"": 56.75}, ""AVBL"": {""pre_hz"": 30.25, ""peri_hz"": 83.0, ""delta_hz"": 52.75}, ""AVBR"": {""pre_hz"": 37.0, ""peri_hz"": 93.0, ""delta_hz"": 56.0}, ""RIML"": {""pre_hz"": 1.75, ""peri_hz"": 1.0, ""delta_hz"": -0.75}, ""RIMR"": {""pre_hz"": 2.5, ""peri_hz"": 5.5, ""delta_hz"": 3.0}, ""RIS"": {""pre_hz"": 0.25, ""peri_hz"": 1.5, ""delta_hz"": 1.25}, ""PVCL"": {""pre_hz"": 35.25, ""peri_hz"": 92.5, ""delta_hz"": 57.25}, ""PVCR"": {""pre_hz"": 35.25, ""peri_hz"": 101.5, ""delta_hz"": 66.25}}",
M2-pure,AVA / touch,touch,42,30.0,0.14833333333333334,0.06,0.03333333333333333,0.3,0.4583333333333333,0.20833333333333334,0.20166666666666666,0.03333333333333333,0.2,0.3566666666666667,0.14166666666666666,0.0,-0.09999999999999998,-0.10166666666666663,0.06,"{""ALML"": {""pre_hz"": 1.75, ""peri_hz"": 86.0, ""delta_hz"": 84.25}, ""ALMR"": {""pre_hz"": 0.25, ""peri_hz"": 92.0, ""delta_hz"": 91.75}, ""AVM"": {""pre_hz"": 0.5, ""peri_hz"": 90.0, ""delta_hz"": 89.5}, ""AIBL"": {""pre_hz"": 11.5, ""peri_hz"": 14.0, ""delta_hz"": 2.5}, ""AIBR"": {""pre_hz"": 13.5, ""peri_hz"": 22.5, ""delta_hz"": 9.0}, ""AVAL"": {""pre_hz"": 34.0, ""peri_hz"": 98.0, ""delta_hz"": 64.0}, ""AVAR"": {""pre_hz"": 35.25, ""peri_hz"": 99.0, ""delta_hz"": 63.75}, ""AVEL"": {""pre_hz"": 30.5, ""peri_hz"": 82.5, ""delta_hz"": 52.0}, ""AVER"": {""pre_hz"": 31.25, ""peri_hz"": 81.0, ""delta_hz"": 49.75}, ""AVDL"": {""pre_hz"": 34.0, ""peri_hz"": 98.0, ""delta_hz"": 64.0}, ""AVDR"": {""pre_hz"": 34.0, ""peri_hz"": 98.0, ""delta_hz"": 64.0}, ""AVBL"": {""pre_hz"": 27.25, ""peri_hz"": 84.5, ""delta_hz"": 57.25}, ""AVBR"": {""pre_hz"": 32.0, ""peri_hz"": 92.0, ""delta_hz"": 60.0}, ""RIML"": {""pre_hz"": 19.25, ""peri_hz"": 38.0, ""delta_hz"": 18.75}, ""RIMR"": {""pre_hz"": 23.75, ""peri_hz"": 36.5, ""delta_hz"": 12.75}, ""RIS"": {""pre_hz"": 0.25, ""peri_hz"": 3.5, ""delta_hz"": 3.25}, ""PVCL"": {""pre_hz"": 34.0, ""peri_hz"": 98.0, ""delta_hz"": 64.0}, ""PVCR"": {""pre_hz"": 34.0, ""peri_hz"": 111.5, ""delta_hz"": 77.5}}","{""ALML"": {""pre_hz"": 1.75, ""peri_hz"": 85.0, ""delta_hz"": 83.25}, ""ALMR"": {""pre_hz"": 0.25, ""peri_hz"": 92.0, ""delta_hz"": 91.75}, ""AVM"": {""pre_hz"": 0.5, ""peri_hz"": 89.0, ""delta_hz"": 88.5}, ""AIBL"": {""pre_hz"": 9.5, ""peri_hz"": 10.5, ""delta_hz"": 1.0}, ""AIBR"": {""pre_hz"": 12.5, ""peri_hz"": 16.0, ""delta_hz"": 3.5}, ""AVAL"": {""pre_hz"": 4.25, ""peri_hz"": 60.0, ""delta_hz"": 55.75}, ""AVAR"": {""pre_hz"": 4.25, ""peri_hz"": 60.5, ""delta_hz"": 56.25}, ""AVEL"": {""pre_hz"": 16.0, ""peri_hz"": 53.5, ""delta_hz"": 37.5}, ""AVER"": {""pre_hz"": 13.5, ""peri_hz"": 52.0, ""delta_hz"": 38.5}, ""AVDL"": {""pre_hz"": 7.5, ""peri_hz"": 65.5, ""delta_hz"": 58.0}, ""AVDR"": {""pre_hz"": 4.5, ""peri_hz"": 60.0, ""delta_hz"": 55.5}, ""AVBL"": {""pre_hz"": 5.5, ""peri_hz"": 53.0, ""delta_hz"": 47.5}, ""AVBR"": {""pre_hz"": 6.75, ""peri_hz"": 62.5, ""delta_hz"": 55.75}, ""RIML"": {""pre_hz"": 15.75, ""peri_hz"": 25.5, ""delta_hz"": 9.75}, ""RIMR"": {""pre_hz"": 17.25, ""peri_hz"": 24.5, ""delta_hz"": 7.25}, ""RIS"": {""pre_hz"": 0.5, ""peri_hz"": 2.5, ""delta_hz"": 2.0}, ""PVCL"": {""pre_hz"": 4.25, ""peri_hz"": 61.5, ""delta_hz"": 57.25}, ""PVCR"": {""pre_hz"": 4.25, ""peri_hz"": 78.5, ""delta_hz"": 74.25}}",
M2-pure,AVA / touch,touch,43,30.0,0.22333333333333333,0.27166666666666667,0.0,0.30333333333333334,0.20166666666666666,0.27,0.29333333333333333,0.0,0.30333333333333334,0.13333333333333333,0.021666666666666667,0.0,0.0,-0.06833333333333333,0.04666666666666669,"{""ALML"": {""pre_hz"": 0.75, ""peri_hz"": 89.5, ""delta_hz"": 88.75}, ""ALMR"": {""pre_hz"": 0.5, ""peri_hz"": 91.0, ""delta_hz"": 90.5}, ""AVM"": {""pre_hz"": 0.5, ""peri_hz"": 94.5, ""delta_hz"": 94.0}, ""AIBL"": {""pre_hz"": 9.75, ""peri_hz"": 11.5, ""delta_hz"": 1.75}, ""AIBR"": {""pre_hz"": 12.25, ""peri_hz"": 19.5, ""delta_hz"": 7.25}, ""AVAL"": {""pre_hz"": 38.0, ""peri_hz"": 102.0, ""delta_hz"": 64.0}, ""AVAR"": {""pre_hz"": 38.75, ""peri_hz"": 103.0, ""delta_hz"": 64.25}, ""AVEL"": {""pre_hz"": 36.25, ""peri_hz"": 83.5, ""delta_hz"": 47.25}, ""AVER"": {""pre_hz"": 35.0, ""peri_hz"": 82.5, ""delta_hz"": 47.5}, ""AVDL"": {""pre_hz"": 37.75, ""peri_hz"": 102.0, ""delta_hz"": 64.25}, ""AVDR"": {""pre_hz"": 37.75, ""peri_hz"": 102.0, ""delta_hz"": 64.25}, ""AVBL"": {""pre_hz"": 30.75, ""peri_hz"": 87.5, ""delta_hz"": 56.75}, ""AVBR"": {""pre_hz"": 36.0, ""peri_hz"": 96.5, ""delta_hz"": 60.5}, ""RIML"": {""pre_hz"": 21.25, ""peri_hz"": 32.5, ""delta_hz"": 11.25}, ""RIMR"": {""pre_hz"": 25.5, ""peri_hz"": 34.5, ""delta_hz"": 9.0}, ""RIS"": {""pre_hz"": 0.5, ""peri_hz"": 0.0, ""delta_hz"": -0.5}, ""PVCL"": {""pre_hz"": 37.75, ""peri_hz"": 102.0, ""delta_hz"": 64.25}, ""PVCR"": {""pre_hz"": 37.75, ""peri_hz"": 108.0, ""delta_hz"": 70.25}}","{""ALML"": {""pre_hz"": 0.75, ""peri_hz"": 88.0, ""delta_hz"": 87.25}, ""ALMR"": {""pre_hz"": 0.5, ""peri_hz"": 90.0, ""delta_hz"": 89.5}, ""AVM"": {""pre_hz"": 0.25, ""peri_hz"": 92.5, ""delta_hz"": 92.25}, ""AIBL"": {""pre_hz"": 8.75, ""peri_hz"": 9.5, ""delta_hz"": 0.75}, ""AIBR"": {""pre_hz"": 10.5, ""peri_hz"": 13.0, ""delta_hz"": 2.5}, ""AVAL"": {""pre_hz"": 7.5, ""peri_hz"": 66.0, ""delta_hz"": 58.5}, ""AVAR"": {""pre_hz"": 7.25, ""peri_hz"": 66.0, ""delta_hz"": 58.75}, ""AVEL"": {""pre_hz"": 17.25, ""peri_hz"": 61.5, ""delta_hz"": 44.25}, ""AVER"": {""pre_hz"": 17.25, ""peri_hz"": 60.0, ""delta_hz"": 42.75}, ""AVDL"": {""pre_hz"": 9.0, ""peri_hz"": 72.0, ""delta_hz"": 63.0}, ""AVDR"": {""pre_hz"": 7.5, ""peri_hz"": 66.0, ""delta_hz"": 58.5}, ""AVBL"": {""pre_hz"": 8.0, ""peri_hz"": 60.0, ""delta_hz"": 52.0}, ""AVBR"": {""pre_hz"": 9.5, ""peri_hz"": 67.0, ""delta_hz"": 57.5}, ""RIML"": {""pre_hz"": 13.0, ""peri_hz"": 21.5, ""delta_hz"": 8.5}, ""RIMR"": {""pre_hz"": 14.25, ""peri_hz"": 27.0, ""delta_hz"": 12.75}, ""RIS"": {""pre_hz"": 0.5, ""peri_hz"": 0.0, ""delta_hz"": -0.5}, ""PVCL"": {""pre_hz"": 7.25, ""peri_hz"": 67.5, ""delta_hz"": 60.25}, ""PVCR"": {""pre_hz"": 7.25, ""peri_hz"": 79.5, ""delta_hz"": 72.25}}",
M2-pure,AVA / touch,touch,44,30.0,0.27666666666666667,0.42333333333333334,0.03333333333333333,0.2,0.06666666666666667,0.285,0.515,0.03333333333333333,0.1,0.06666666666666667,0.09166666666666667,0.0,-0.1,0.0,0.008333333333333304,"{""ALML"": {""pre_hz"": 0.5, ""peri_hz"": 82.5, ""delta_hz"": 82.0}, ""ALMR"": {""pre_hz"": 0.5, ""peri_hz"": 82.0, ""delta_hz"": 81.5}, ""AVM"": {""pre_hz"": 2.0, ""peri_hz"": 85.5, ""delta_hz"": 83.5}, ""AIBL"": {""pre_hz"": 10.75, ""peri_hz"": 14.0, ""delta_hz"": 3.25}, ""AIBR"": {""pre_hz"": 11.25, ""peri_hz"": 16.0, ""delta_hz"": 4.75}, ""AVAL"": {""pre_hz"": 36.5, ""peri_hz"": 98.5, ""delta_hz"": 62.0}, ""AVAR"": {""pre_hz"": 37.0, ""peri_hz"": 97.5, ""delta_hz"": 60.5}, ""AVEL"": {""pre_hz"": 34.0, ""peri_hz"": 83.5, ""delta_hz"": 49.5}, ""AVER"": {""pre_hz"": 33.75, ""peri_hz"": 86.0, ""delta_hz"": 52.25}, ""AVDL"": {""pre_hz"": 36.5, ""peri_hz"": 97.5, ""delta_hz"": 61.0}, ""AVDR"": {""pre_hz"": 36.5, ""peri_hz"": 97.5, ""delta_hz"": 61.0}, ""AVBL"": {""pre_hz"": 32.0, ""peri_hz"": 81.0, ""delta_hz"": 49.0}, ""AVBR"": {""pre_hz"": 35.75, ""peri_hz"": 92.0, ""delta_hz"": 56.25}, ""RIML"": {""pre_hz"": 18.75, ""peri_hz"": 32.5, ""delta_hz"": 13.75}, ""RIMR"": {""pre_hz"": 25.5, ""peri_hz"": 37.5, ""delta_hz"": 12.0}, ""RIS"": {""pre_hz"": 0.5, ""peri_hz"": 3.0, ""delta_hz"": 2.5}, ""PVCL"": {""pre_hz"": 36.5, ""peri_hz"": 97.5, ""delta_hz"": 61.0}, ""PVCR"": {""pre_hz"": 37.0, ""peri_hz"": 110.0, ""delta_hz"": 73.0}}","{""ALML"": {""pre_hz"": 0.5, ""peri_hz"": 81.0, ""delta_hz"": 80.5}, ""ALMR"": {""pre_hz"": 0.25, ""peri_hz"": 82.0, ""delta_hz"": 81.75}, ""AVM"": {""pre_hz"": 1.25, ""peri_hz"": 85.5, ""delta_hz"": 84.25}, ""AIBL"": {""pre_hz"": 8.75, ""peri_hz"": 12.0, ""delta_hz"": 3.25}, ""AIBR"": {""pre_hz"": 9.25, ""peri_hz"": 15.0, ""delta_hz"": 5.75}, ""AVAL"": {""pre_hz"": 6.25, ""peri_hz"": 55.0, ""delta_hz"": 48.75}, ""AVAR"": {""pre_hz"": 7.0, ""peri_hz"": 55.0, ""delta_hz"": 48.0}, ""AVEL"": {""pre_hz"": 17.25, ""peri_hz"": 54.0, ""delta_hz"": 36.75}, ""AVER"": {""pre_hz"": 15.5, ""peri_hz"": 53.0, ""delta_hz"": 37.5}, ""AVDL"": {""pre_hz"": 8.25, ""peri_hz"": 61.0, ""delta_hz"": 52.75}, ""AVDR"": {""pre_hz"": 6.5, ""peri_hz"": 55.0, ""delta_hz"": 48.5}, ""AVBL"": {""pre_hz"": 7.75, ""peri_hz"": 44.5, ""delta_hz"": 36.75}, ""AVBR"": {""pre_hz"": 9.5, ""peri_hz"": 53.5, ""delta_hz"": 44.0}, ""RIML"": {""pre_hz"": 13.25, ""peri_hz"": 22.0, ""delta_hz"": 8.75}, ""RIMR"": {""pre_hz"": 18.0, ""peri_hz"": 27.0, ""delta_hz"": 9.0}, ""RIS"": {""pre_hz"": 0.5, ""peri_hz"": 1.5, ""delta_hz"": 1.0}, ""PVCL"": {""pre_hz"": 6.25, ""peri_hz"": 56.5, ""delta_hz"": 50.25}, ""PVCR"": {""pre_hz"": 6.25, ""peri_hz"": 66.5, ""delta_hz"": 60.25}}",
M2-pure,AVA / touch,touch,45,30.0,0.22666666666666666,0.22166666666666668,0.0,0.2833333333333333,0.2683333333333333,0.19,0.18,0.0,0.2833333333333333,0.3466666666666667,-0.041666666666666685,0.0,0.0,0.07833333333333337,-0.03666666666666665,"{""ALML"": {""pre_hz"": 1.75, ""peri_hz"": 90.0, ""delta_hz"": 88.25}, ""ALMR"": {""pre_hz"": 0.5, ""peri_hz"": 84.0, ""delta_hz"": 83.5}, ""AVM"": {""pre_hz"": 0.25, ""peri_hz"": 87.5, ""delta_hz"": 87.25}, ""AIBL"": {""pre_hz"": 10.0, ""peri_hz"": 16.0, ""delta_hz"": 6.0}, ""AIBR"": {""pre_hz"": 12.0, ""peri_hz"": 16.0, ""delta_hz"": 4.0}, ""AVAL"": {""pre_hz"": 37.25, ""peri_hz"": 98.5, ""delta_hz"": 61.25}, ""AVAR"": {""pre_hz"": 37.5, ""peri_hz"": 99.5, ""delta_hz"": 62.0}, ""AVEL"": {""pre_hz"": 33.0, ""peri_hz"": 83.0, ""delta_hz"": 50.0}, ""AVER"": {""pre_hz"": 32.0, ""peri_hz"": 84.5, ""delta_hz"": 52.5}, ""AVDL"": {""pre_hz"": 36.5, ""peri_hz"": 98.5, ""delta_hz"": 62.0}, ""AVDR"": {""pre_hz"": 36.5, ""peri_hz"": 98.5, ""delta_hz"": 62.0}, ""AVBL"": {""pre_hz"": 32.0, ""peri_hz"": 84.5, ""delta_hz"": 52.5}, ""AVBR"": {""pre_hz"": 35.75, ""peri_hz"": 93.5, ""delta_hz"": 57.75}, ""RIML"": {""pre_hz"": 21.0, ""peri_hz"": 28.5, ""delta_hz"": 7.5}, ""RIMR"": {""pre_hz"": 23.75, ""peri_hz"": 35.5, ""delta_hz"": 11.75}, ""RIS"": {""pre_hz"": 1.25, ""peri_hz"": 1.5, ""delta_hz"": 0.25}, ""PVCL"": {""pre_hz"": 36.5, ""peri_hz"": 98.5, ""delta_hz"": 62.0}, ""PVCR"": {""pre_hz"": 36.5, ""peri_hz"": 108.0, ""delta_hz"": 71.5}}","{""ALML"": {""pre_hz"": 1.75, ""peri_hz"": 89.5, ""delta_hz"": 87.75}, ""ALMR"": {""pre_hz"": 0.25, ""peri_hz"": 84.0, ""delta_hz"": 83.75}, ""AVM"": {""pre_hz"": 0.25, ""peri_hz"": 85.5, ""delta_hz"": 85.25}, ""AIBL"": {""pre_hz"": 10.5, ""peri_hz"": 12.0, ""delta_hz"": 1.5}, ""AIBR"": {""pre_hz"": 10.75, ""peri_hz"": 9.5, ""delta_hz"": -1.25}, ""AVAL"": {""pre_hz"": 5.0, ""peri_hz"": 57.5, ""delta_hz"": 52.5}, ""AVAR"": {""pre_hz"": 5.0, ""peri_hz"": 58.0, ""delta_hz"": 53.0}, ""AVEL"": {""pre_hz"": 16.5, ""peri_hz"": 59.5, ""delta_hz"": 43.0}, ""AVER"": {""pre_hz"": 13.5, ""peri_hz"": 56.5, ""delta_hz"": 43.0}, ""AVDL"": {""pre_hz"": 7.25, ""peri_hz"": 61.5, ""delta_hz"": 54.25}, ""AVDR"": {""pre_hz"": 5.25, ""peri_hz"": 57.5, ""delta_hz"": 52.25}, ""AVBL"": {""pre_hz"": 8.25, ""peri_hz"": 51.0, ""delta_hz"": 42.75}, ""AVBR"": {""pre_hz"": 9.25, ""peri_hz"": 59.0, ""delta_hz"": 49.75}, ""RIML"": {""pre_hz"": 13.75, ""peri_hz"": 14.5, ""delta_hz"": 0.75}, ""RIMR"": {""pre_hz"": 18.0, ""peri_hz"": 23.5, ""delta_hz"": 5.5}, ""RIS"": {""pre_hz"": 1.0, ""peri_hz"": 0.5, ""delta_hz"": -0.5}, ""PVCL"": {""pre_hz"": 5.0, ""peri_hz"": 59.5, ""delta_hz"": 54.5}, ""PVCR"": {""pre_hz"": 5.0, ""peri_hz"": 69.5, ""delta_hz"": 64.5}}",
M2-pure,AVA / touch,touch,46,30.0,0.24166666666666667,0.25666666666666665,0.03333333333333333,0.2,0.2683333333333333,0.31166666666666665,0.255,0.03333333333333333,0.2,0.2,-0.0016666666666666496,0.0,0.0,-0.0683333333333333,0.06999999999999998,"{""ALML"": {""pre_hz"": 1.5, ""peri_hz"": 85.0, ""delta_hz"": 83.5}, ""ALMR"": {""pre_hz"": 1.5, ""peri_hz"": 89.5, ""delta_hz"": 88.0}, ""AVM"": {""pre_hz"": 0.75, ""peri_hz"": 86.5, ""delta_hz"": 85.75}, ""AIBL"": {""pre_hz"": 10.0, ""peri_hz"": 15.0, ""delta_hz"": 5.0}, ""AIBR"": {""pre_hz"": 13.5, ""peri_hz"": 16.5, ""delta_hz"": 3.0}, ""AVAL"": {""pre_hz"": 42.25, ""peri_hz"": 92.0, ""delta_hz"": 49.75}, ""AVAR"": {""pre_hz"": 42.5, ""peri_hz"": 92.5, ""delta_hz"": 50.0}, ""AVEL"": {""pre_hz"": 39.25, ""peri_hz"": 76.5, ""delta_hz"": 37.25}, ""AVER"": {""pre_hz"": 37.75, ""peri_hz"": 77.0, ""delta_hz"": 39.25}, ""AVDL"": {""pre_hz"": 41.5, ""peri_hz"": 92.0, ""delta_hz"": 50.5}, ""AVDR"": {""pre_hz"": 41.5, ""peri_hz"": 92.0, ""delta_hz"": 50.5}, ""AVBL"": {""pre_hz"": 33.25, ""peri_hz"": 76.0, ""delta_hz"": 42.75}, ""AVBR"": {""pre_hz"": 39.5, ""peri_hz"": 89.5, ""delta_hz"": 50.0}, ""RIML"": {""pre_hz"": 22.25, ""peri_hz"": 28.5, ""delta_hz"": 6.25}, ""RIMR"": {""pre_hz"": 27.0, ""peri_hz"": 38.0, ""delta_hz"": 11.0}, ""RIS"": {""pre_hz"": 0.75, ""peri_hz"": 4.0, ""delta_hz"": 3.25}, ""PVCL"": {""pre_hz"": 41.5, ""peri_hz"": 92.0, ""delta_hz"": 50.5}, ""PVCR"": {""pre_hz"": 41.5, ""peri_hz"": 100.0, ""delta_hz"": 58.5}}","{""ALML"": {""pre_hz"": 1.5, ""peri_hz"": 85.0, ""delta_hz"": 83.5}, ""ALMR"": {""pre_hz"": 1.5, ""peri_hz"": 88.0, ""delta_hz"": 86.5}, ""AVM"": {""pre_hz"": 0.75, ""peri_hz"": 85.0, ""delta_hz"": 84.25}, ""AIBL"": {""pre_hz"": 9.75, ""peri_hz"": 11.5, ""delta_hz"": 1.75}, ""AIBR"": {""pre_hz"": 11.75, ""peri_hz"": 10.5, ""delta_hz"": -1.25}, ""AVAL"": {""pre_hz"": 8.25, ""peri_hz"": 59.0, ""delta_hz"": 50.75}, ""AVAR"": {""pre_hz"": 8.0, ""peri_hz"": 59.0, ""delta_hz"": 51.0}, ""AVEL"": {""pre_hz"": 19.75, ""peri_hz"": 59.5, ""delta_hz"": 39.75}, ""AVER"": {""pre_hz"": 18.0, ""peri_hz"": 54.0, ""delta_hz"": 36.0}, ""AVDL"": {""pre_hz"": 10.25, ""peri_hz"": 63.0, ""delta_hz"": 52.75}, ""AVDR"": {""pre_hz"": 8.25, ""peri_hz"": 59.0, ""delta_hz"": 50.75}, ""AVBL"": {""pre_hz"": 8.5, ""peri_hz"": 51.0, ""delta_hz"": 42.5}, ""AVBR"": {""pre_hz"": 11.5, ""peri_hz"": 59.0, ""delta_hz"": 47.5}, ""RIML"": {""pre_hz"": 17.25, ""peri_hz"": 20.5, ""delta_hz"": 3.25}, ""RIMR"": {""pre_hz"": 19.5, ""peri_hz"": 32.0, ""delta_hz"": 12.5}, ""RIS"": {""pre_hz"": 0.25, ""peri_hz"": 2.0, ""delta_hz"": 1.75}, ""PVCL"": {""pre_hz"": 8.25, ""peri_hz"": 60.0, ""delta_hz"": 51.75}, ""PVCR"": {""pre_hz"": 8.0, ""peri_hz"": 70.5, ""delta_hz"": 62.5}}",
M2-pure,AVB / spontaneous,spontaneous,42,30.0,0.2866666666666667,0.15,0.03333333333333333,0.0,0.53,0.21,0.18333333333333332,0.03333333333333333,0.1,0.47333333333333333,0.033333333333333326,0.0,0.1,-0.0566666666666667,-0.07666666666666669,"{""ALML"": {""pre_hz"": 1.75, ""peri_hz"": 1.5, ""delta_hz"": -0.25}, ""ALMR"": {""pre_hz"": 0.25, ""peri_hz"": 0.0, ""delta_hz"": -0.25}, ""AVM"": {""pre_hz"": 0.5, ""peri_hz"": 0.5, ""delta_hz"": 0.0}, ""AIBL"": {""pre_hz"": 11.5, ""peri_hz"": 14.5, ""delta_hz"": 3.0}, ""AIBR"": {""pre_hz"": 13.5, ""peri_hz"": 20.0, ""delta_hz"": 6.5}, ""AVAL"": {""pre_hz"": 34.0, ""peri_hz"": 45.5, ""delta_hz"": 11.5}, ""AVAR"": {""pre_hz"": 35.25, ""peri_hz"": 47.0, ""delta_hz"": 11.75}, ""AVEL"": {""pre_hz"": 30.5, ""peri_hz"": 43.5, ""delta_hz"": 13.0}, ""AVER"": {""pre_hz"": 31.25, ""peri_hz"": 41.0, ""delta_hz"": 9.75}, ""AVDL"": {""pre_hz"": 34.0, ""peri_hz"": 45.0, ""delta_hz"": 11.0}, ""AVDR"": {""pre_hz"": 34.0, ""peri_hz"": 45.0, ""delta_hz"": 11.0}, ""AVBL"": {""pre_hz"": 27.25, ""peri_hz"": 33.5, ""delta_hz"": 6.25}, ""AVBR"": {""pre_hz"": 32.0, ""peri_hz"": 41.5, ""delta_hz"": 9.5}, ""RIML"": {""pre_hz"": 19.25, ""peri_hz"": 29.0, ""delta_hz"": 9.75}, ""RIMR"": {""pre_hz"": 23.75, ""peri_hz"": 27.0, ""delta_hz"": 3.25}, ""RIS"": {""pre_hz"": 0.25, ""peri_hz"": 1.5, ""delta_hz"": 1.25}, ""PVCL"": {""pre_hz"": 34.0, ""peri_hz"": 45.0, ""delta_hz"": 11.0}, ""PVCR"": {""pre_hz"": 34.0, ""peri_hz"": 45.0, ""delta_hz"": 11.0}}","{""ALML"": {""pre_hz"": 1.75, ""peri_hz"": 1.5, ""delta_hz"": -0.25}, ""ALMR"": {""pre_hz"": 0.25, ""peri_hz"": 0.0, ""delta_hz"": -0.25}, ""AVM"": {""pre_hz"": 0.5, ""peri_hz"": 0.5, ""delta_hz"": 0.0}, ""AIBL"": {""pre_hz"": 10.75, ""peri_hz"": 14.5, ""delta_hz"": 3.75}, ""AIBR"": {""pre_hz"": 12.25, ""peri_hz"": 16.5, ""delta_hz"": 4.25}, ""AVAL"": {""pre_hz"": 31.5, ""peri_hz"": 34.0, ""delta_hz"": 2.5}, ""AVAR"": {""pre_hz"": 32.25, ""peri_hz"": 35.0, ""delta_hz"": 2.75}, ""AVEL"": {""pre_hz"": 28.0, ""peri_hz"": 34.5, ""delta_hz"": 6.5}, ""AVER"": {""pre_hz"": 24.0, ""peri_hz"": 28.5, ""delta_hz"": 4.5}, ""AVDL"": {""pre_hz"": 31.5, ""peri_hz"": 34.0, ""delta_hz"": 2.5}, ""AVDR"": {""pre_hz"": 31.5, ""peri_hz"": 34.0, ""delta_hz"": 2.5}, ""AVBL"": {""pre_hz"": 0.0, ""peri_hz"": 0.0, ""delta_hz"": 0.0}, ""AVBR"": {""pre_hz"": 0.0, ""peri_hz"": 0.5, ""delta_hz"": 0.5}, ""RIML"": {""pre_hz"": 16.75, ""peri_hz"": 24.0, ""delta_hz"": 7.25}, ""RIMR"": {""pre_hz"": 20.75, ""peri_hz"": 24.5, ""delta_hz"": 3.75}, ""RIS"": {""pre_hz"": 0.25, ""peri_hz"": 1.5, ""delta_hz"": 1.25}, ""PVCL"": {""pre_hz"": 31.5, ""peri_hz"": 34.0, ""delta_hz"": 2.5}, ""PVCR"": {""pre_hz"": 31.5, ""peri_hz"": 34.0, ""delta_hz"": 2.5}}",
M2-pure,AVB / spontaneous,spontaneous,43,30.0,0.23166666666666666,0.36333333333333334,0.0,0.10166666666666667,0.30333333333333334,0.2833333333333333,0.20833333333333334,0.0,0.10166666666666667,0.4066666666666667,-0.155,0.0,0.0,0.10333333333333333,0.051666666666666666,"{""ALML"": {""pre_hz"": 0.75, ""peri_hz"": 0.0, ""delta_hz"": -0.75}, ""ALMR"": {""pre_hz"": 0.5, ""peri_hz"": 1.0, ""delta_hz"": 0.5}, ""AVM"": {""pre_hz"": 0.5, ""peri_hz"": 0.0, ""delta_hz"": -0.5}, ""AIBL"": {""pre_hz"": 9.75, ""peri_hz"": 14.0, ""delta_hz"": 4.25}, ""AIBR"": {""pre_hz"": 12.25, ""peri_hz"": 13.0, ""delta_hz"": 0.75}, ""AVAL"": {""pre_hz"": 38.0, ""peri_hz"": 42.0, ""delta_hz"": 4.0}, ""AVAR"": {""pre_hz"": 38.75, ""peri_hz"": 43.5, ""delta_hz"": 4.75}, ""AVEL"": {""pre_hz"": 36.25, ""peri_hz"": 37.5, ""delta_hz"": 1.25}, ""AVER"": {""pre_hz"": 35.0, ""peri_hz"": 35.5, ""delta_hz"": 0.5}, ""AVDL"": {""pre_hz"": 37.75, ""peri_hz"": 42.0, ""delta_hz"": 4.25}, ""AVDR"": {""pre_hz"": 37.75, ""peri_hz"": 42.0, ""delta_hz"": 4.25}, ""AVBL"": {""pre_hz"": 30.75, ""peri_hz"": 35.0, ""delta_hz"": 4.25}, ""AVBR"": {""pre_hz"": 36.0, ""peri_hz"": 39.5, ""delta_hz"": 3.5}, ""RIML"": {""pre_hz"": 21.25, ""peri_hz"": 23.0, ""delta_hz"": 1.75}, ""RIMR"": {""pre_hz"": 25.5, ""peri_hz"": 27.5, ""delta_hz"": 2.0}, ""RIS"": {""pre_hz"": 0.5, ""peri_hz"": 0.5, ""delta_hz"": 0.0}, ""PVCL"": {""pre_hz"": 37.75, ""peri_hz"": 42.0, ""delta_hz"": 4.25}, ""PVCR"": {""pre_hz"": 37.75, ""peri_hz"": 42.0, ""delta_hz"": 4.25}}","{""ALML"": {""pre_hz"": 0.75, ""peri_hz"": 0.0, ""delta_hz"": -0.75}, ""ALMR"": {""pre_hz"": 0.5, ""peri_hz"": 1.0, ""delta_hz"": 0.5}, ""AVM"": {""pre_hz"": 0.5, ""peri_hz"": 0.0, ""delta_hz"": -0.5}, ""AIBL"": {""pre_hz"": 9.0, ""peri_hz"": 10.0, ""delta_hz"": 1.0}, ""AIBR"": {""pre_hz"": 9.25, ""peri_hz"": 9.5, ""delta_hz"": 0.25}, ""AVAL"": {""pre_hz"": 29.75, ""peri_hz"": 34.5, ""delta_hz"": 4.75}, ""AVAR"": {""pre_hz"": 30.25, ""peri_hz"": 35.0, ""delta_hz"": 4.75}, ""AVEL"": {""pre_hz"": 26.5, ""peri_hz"": 29.0, ""delta_hz"": 2.5}, ""AVER"": {""pre_hz"": 25.0, ""peri_hz"": 27.0, ""delta_hz"": 2.0}, ""AVDL"": {""pre_hz"": 29.5, ""peri_hz"": 34.5, ""delta_hz"": 5.0}, ""AVDR"": {""pre_hz"": 29.5, ""peri_hz"": 34.5, ""delta_hz"": 5.0}, ""AVBL"": {""pre_hz"": 0.0, ""peri_hz"": 0.0, ""delta_hz"": 0.0}, ""AVBR"": {""pre_hz"": 0.25, ""peri_hz"": 0.0, ""delta_hz"": -0.25}, ""RIML"": {""pre_hz"": 14.75, ""peri_hz"": 16.0, ""delta_hz"": 1.25}, ""RIMR"": {""pre_hz"": 18.25, ""peri_hz"": 23.0, ""delta_hz"": 4.75}, ""RIS"": {""pre_hz"": 0.5, ""peri_hz"": 0.5, ""delta_hz"": 0.0}, ""PVCL"": {""pre_hz"": 29.5, ""peri_hz"": 34.5, ""delta_hz"": 5.0}, ""PVCR"": {""pre_hz"": 29.5, ""peri_hz"": 34.5, ""delta_hz"": 5.0}}",
M2-pure,AVB / spontaneous,spontaneous,44,30.0,0.295,0.37166666666666665,0.03333333333333333,0.1,0.2,0.22,0.43666666666666665,0.03333333333333333,0.1,0.21,0.065,0.0,0.0,0.009999999999999981,-0.07499999999999998,"{""ALML"": {""pre_hz"": 0.5, ""peri_hz"": 0.5, ""delta_hz"": 0.0}, ""ALMR"": {""pre_hz"": 0.5, ""peri_hz"": 1.0, ""delta_hz"": 0.5}, ""AVM"": {""pre_hz"": 2.0, ""peri_hz"": 0.5, ""delta_hz"": -1.5}, ""AIBL"": {""pre_hz"": 10.75, ""peri_hz"": 12.5, ""delta_hz"": 1.75}, ""AIBR"": {""pre_hz"": 11.25, ""peri_hz"": 10.5, ""delta_hz"": -0.75}, ""AVAL"": {""pre_hz"": 36.5, ""peri_hz"": 35.0, ""delta_hz"": -1.5}, ""AVAR"": {""pre_hz"": 37.0, ""peri_hz"": 34.5, ""delta_hz"": -2.5}, ""AVEL"": {""pre_hz"": 34.0, ""peri_hz"": 31.5, ""delta_hz"": -2.5}, ""AVER"": {""pre_hz"": 33.75, ""peri_hz"": 31.5, ""delta_hz"": -2.25}, ""AVDL"": {""pre_hz"": 36.5, ""peri_hz"": 34.0, ""delta_hz"": -2.5}, ""AVDR"": {""pre_hz"": 36.5, ""peri_hz"": 34.0, ""delta_hz"": -2.5}, ""AVBL"": {""pre_hz"": 32.0, ""peri_hz"": 27.5, ""delta_hz"": -4.5}, ""AVBR"": {""pre_hz"": 35.75, ""peri_hz"": 34.5, ""delta_hz"": -1.25}, ""RIML"": {""pre_hz"": 18.75, ""peri_hz"": 17.0, ""delta_hz"": -1.75}, ""RIMR"": {""pre_hz"": 25.5, ""peri_hz"": 24.5, ""delta_hz"": -1.0}, ""RIS"": {""pre_hz"": 0.5, ""peri_hz"": 1.0, ""delta_hz"": 0.5}, ""PVCL"": {""pre_hz"": 36.5, ""peri_hz"": 34.0, ""delta_hz"": -2.5}, ""PVCR"": {""pre_hz"": 37.0, ""peri_hz"": 34.0, ""delta_hz"": -3.0}}","{""ALML"": {""pre_hz"": 0.5, ""peri_hz"": 0.5, ""delta_hz"": 0.0}, ""ALMR"": {""pre_hz"": 0.5, ""peri_hz"": 0.5, ""delta_hz"": 0.0}, ""AVM"": {""pre_hz"": 1.5, ""peri_hz"": 0.5, ""delta_hz"": -1.0}, ""AIBL"": {""pre_hz"": 9.25, ""peri_hz"": 10.5, ""delta_hz"": 1.25}, ""AIBR"": {""pre_hz"": 9.5, ""peri_hz"": 9.5, ""delta_hz"": 0.0}, ""AVAL"": {""pre_hz"": 29.25, ""peri_hz"": 25.5, ""delta_hz"": -3.75}, ""AVAR"": {""pre_hz"": 29.25, ""peri_hz"": 25.5, ""delta_hz"": -3.75}, ""AVEL"": {""pre_hz"": 25.5, ""peri_hz"": 23.5, ""delta_hz"": -2.0}, ""AVER"": {""pre_hz"": 25.5, ""peri_hz"": 21.5, ""delta_hz"": -4.0}, ""AVDL"": {""pre_hz"": 28.75, ""peri_hz"": 25.5, ""delta_hz"": -3.25}, ""AVDR"": {""pre_hz"": 28.75, ""peri_hz"": 25.5, ""delta_hz"": -3.25}, ""AVBL"": {""pre_hz"": 0.0, ""peri_hz"": 0.0, ""delta_hz"": 0.0}, ""AVBR"": {""pre_hz"": 0.25, ""peri_hz"": 0.0, ""delta_hz"": -0.25}, ""RIML"": {""pre_hz"": 16.0, ""peri_hz"": 15.0, ""delta_hz"": -1.0}, ""RIMR"": {""pre_hz"": 19.25, ""peri_hz"": 18.5, ""delta_hz"": -0.75}, ""RIS"": {""pre_hz"": 0.5, ""peri_hz"": 1.0, ""delta_hz"": 0.5}, ""PVCL"": {""pre_hz"": 28.75, ""peri_hz"": 25.5, ""delta_hz"": -3.25}, ""PVCR"": {""pre_hz"": 29.25, ""peri_hz"": 25.5, ""delta_hz"": -3.75}}",
M2-pure,AVB / spontaneous,spontaneous,45,30.0,0.2683333333333333,0.42833333333333334,0.0,0.10166666666666667,0.20166666666666666,0.31,0.3883333333333333,0.0,0.10166666666666667,0.2,-0.040000000000000036,0.0,0.0,-0.0016666666666666496,0.041666666666666685,"{""ALML"": {""pre_hz"": 1.75, ""peri_hz"": 0.5, ""delta_hz"": -1.25}, ""ALMR"": {""pre_hz"": 0.5, ""peri_hz"": 0.5, ""delta_hz"": 0.0}, ""AVM"": {""pre_hz"": 0.25, ""peri_hz"": 1.0, ""delta_hz"": 0.75}, ""AIBL"": {""pre_hz"": 10.0, ""peri_hz"": 13.5, ""delta_hz"": 3.5}, ""AIBR"": {""pre_hz"": 12.0, ""peri_hz"": 9.0, ""delta_hz"": -3.0}, ""AVAL"": {""pre_hz"": 37.25, ""peri_hz"": 39.5, ""delta_hz"": 2.25}, ""AVAR"": {""pre_hz"": 37.5, ""peri_hz"": 38.5, ""delta_hz"": 1.0}, ""AVEL"": {""pre_hz"": 33.0, ""peri_hz"": 33.0, ""delta_hz"": 0.0}, ""AVER"": {""pre_hz"": 32.0, ""peri_hz"": 33.5, ""delta_hz"": 1.5}, ""AVDL"": {""pre_hz"": 36.5, ""peri_hz"": 38.5, ""delta_hz"": 2.0}, ""AVDR"": {""pre_hz"": 36.5, ""peri_hz"": 38.5, ""delta_hz"": 2.0}, ""AVBL"": {""pre_hz"": 32.0, ""peri_hz"": 35.0, ""delta_hz"": 3.0}, ""AVBR"": {""pre_hz"": 35.75, ""peri_hz"": 37.5, ""delta_hz"": 1.75}, ""RIML"": {""pre_hz"": 21.0, ""peri_hz"": 20.0, ""delta_hz"": -1.0}, ""RIMR"": {""pre_hz"": 23.75, ""peri_hz"": 27.0, ""delta_hz"": 3.25}, ""RIS"": {""pre_hz"": 1.25, ""peri_hz"": 2.0, ""delta_hz"": 0.75}, ""PVCL"": {""pre_hz"": 36.5, ""peri_hz"": 38.5, ""delta_hz"": 2.0}, ""PVCR"": {""pre_hz"": 36.5, ""peri_hz"": 38.5, ""delta_hz"": 2.0}}","{""ALML"": {""pre_hz"": 1.5, ""peri_hz"": 0.5, ""delta_hz"": -1.0}, ""ALMR"": {""pre_hz"": 0.25, ""peri_hz"": 0.5, ""delta_hz"": 0.25}, ""AVM"": {""pre_hz"": 0.25, ""peri_hz"": 1.0, ""delta_hz"": 0.75}, ""AIBL"": {""pre_hz"": 10.5, ""peri_hz"": 15.0, ""delta_hz"": 4.5}, ""AIBR"": {""pre_hz"": 12.25, ""peri_hz"": 8.5, ""delta_hz"": -3.75}, ""AVAL"": {""pre_hz"": 32.5, ""peri_hz"": 29.5, ""delta_hz"": -3.0}, ""AVAR"": {""pre_hz"": 33.75, ""peri_hz"": 28.5, ""delta_hz"": -5.25}, ""AVEL"": {""pre_hz"": 30.0, ""peri_hz"": 25.0, ""delta_hz"": -5.0}, ""AVER"": {""pre_hz"": 26.5, ""peri_hz"": 20.0, ""delta_hz"": -6.5}, ""AVDL"": {""pre_hz"": 32.0, ""peri_hz"": 28.5, ""delta_hz"": -3.5}, ""AVDR"": {""pre_hz"": 32.0, ""peri_hz"": 28.5, ""delta_hz"": -3.5}, ""AVBL"": {""pre_hz"": 0.0, ""peri_hz"": 0.0, ""delta_hz"": 0.0}, ""AVBR"": {""pre_hz"": 0.25, ""peri_hz"": 0.0, ""delta_hz"": -0.25}, ""RIML"": {""pre_hz"": 17.75, ""peri_hz"": 15.5, ""delta_hz"": -2.25}, ""RIMR"": {""pre_hz"": 21.75, ""peri_hz"": 25.0, ""delta_hz"": 3.25}, ""RIS"": {""pre_hz"": 0.5, ""peri_hz"": 1.5, ""delta_hz"": 1.0}, ""PVCL"": {""pre_hz"": 32.0, ""peri_hz"": 28.5, ""delta_hz"": -3.5}, ""PVCR"": {""pre_hz"": 32.0, ""peri_hz"": 28.5, ""delta_hz"": -3.5}}",
M2-pure,AVB / spontaneous,spontaneous,46,30.0,0.24333333333333335,0.37666666666666665,0.03333333333333333,0.1,0.24666666666666667,0.25666666666666665,0.43,0.03333333333333333,0.1,0.18,0.053333333333333344,0.0,0.0,-0.06666666666666668,0.013333333333333308,"{""ALML"": {""pre_hz"": 1.5, ""peri_hz"": 1.0, ""delta_hz"": -0.5}, ""ALMR"": {""pre_hz"": 1.5, ""peri_hz"": 0.0, ""delta_hz"": -1.5}, ""AVM"": {""pre_hz"": 0.75, ""peri_hz"": 0.0, ""delta_hz"": -0.75}, ""AIBL"": {""pre_hz"": 10.0, ""peri_hz"": 12.0, ""delta_hz"": 2.0}, ""AIBR"": {""pre_hz"": 13.5, ""peri_hz"": 12.0, ""delta_hz"": -1.5}, ""AVAL"": {""pre_hz"": 42.25, ""peri_hz"": 29.5, ""delta_hz"": -12.75}, ""AVAR"": {""pre_hz"": 42.5, ""peri_hz"": 29.5, ""delta_hz"": -13.0}, ""AVEL"": {""pre_hz"": 39.25, ""peri_hz"": 28.0, ""delta_hz"": -11.25}, ""AVER"": {""pre_hz"": 37.75, ""peri_hz"": 26.5, ""delta_hz"": -11.25}, ""AVDL"": {""pre_hz"": 41.5, ""peri_hz"": 29.5, ""delta_hz"": -12.0}, ""AVDR"": {""pre_hz"": 41.5, ""peri_hz"": 29.5, ""delta_hz"": -12.0}, ""AVBL"": {""pre_hz"": 33.25, ""peri_hz"": 23.0, ""delta_hz"": -10.25}, ""AVBR"": {""pre_hz"": 39.5, ""peri_hz"": 26.5, ""delta_hz"": -13.0}, ""RIML"": {""pre_hz"": 22.25, ""peri_hz"": 17.5, ""delta_hz"": -4.75}, ""RIMR"": {""pre_hz"": 27.0, ""peri_hz"": 23.5, ""delta_hz"": -3.5}, ""RIS"": {""pre_hz"": 0.75, ""peri_hz"": 0.5, ""delta_hz"": -0.25}, ""PVCL"": {""pre_hz"": 41.5, ""peri_hz"": 29.5, ""delta_hz"": -12.0}, ""PVCR"": {""pre_hz"": 41.5, ""peri_hz"": 29.5, ""delta_hz"": -12.0}}","{""ALML"": {""pre_hz"": 1.5, ""peri_hz"": 1.0, ""delta_hz"": -0.5}, ""ALMR"": {""pre_hz"": 1.5, ""peri_hz"": 0.0, ""delta_hz"": -1.5}, ""AVM"": {""pre_hz"": 0.75, ""peri_hz"": 0.0, ""delta_hz"": -0.75}, ""AIBL"": {""pre_hz"": 10.0, ""peri_hz"": 9.0, ""delta_hz"": -1.0}, ""AIBR"": {""pre_hz"": 12.5, ""peri_hz"": 9.0, ""delta_hz"": -3.5}, ""AVAL"": {""pre_hz"": 33.5, ""peri_hz"": 27.5, ""delta_hz"": -6.0}, ""AVAR"": {""pre_hz"": 33.75, ""peri_hz"": 27.0, ""delta_hz"": -6.75}, ""AVEL"": {""pre_hz"": 29.0, ""peri_hz"": 23.5, ""delta_hz"": -5.5}, ""AVER"": {""pre_hz"": 26.25, ""peri_hz"": 20.0, ""delta_hz"": -6.25}, ""AVDL"": {""pre_hz"": 32.75, ""peri_hz"": 27.0, ""delta_hz"": -5.75}, ""AVDR"": {""pre_hz"": 32.75, ""peri_hz"": 27.0, ""delta_hz"": -5.75}, ""AVBL"": {""pre_hz"": 0.0, ""peri_hz"": 0.0, ""delta_hz"": 0.0}, ""AVBR"": {""pre_hz"": 0.0, ""peri_hz"": 0.0, ""delta_hz"": 0.0}, ""RIML"": {""pre_hz"": 19.0, ""peri_hz"": 16.0, ""delta_hz"": -3.0}, ""RIMR"": {""pre_hz"": 22.25, ""peri_hz"": 20.0, ""delta_hz"": -2.25}, ""RIS"": {""pre_hz"": 0.75, ""peri_hz"": 0.5, ""delta_hz"": -0.25}, ""PVCL"": {""pre_hz"": 32.75, ""peri_hz"": 27.0, ""delta_hz"": -5.75}, ""PVCR"": {""pre_hz"": 32.75, ""peri_hz"": 27.0, ""delta_hz"": -5.75}}",
M2-pure,PDE / spontaneous,spontaneous,42,30.0,0.2866666666666667,0.15,0.03333333333333333,0.0,0.53,0.3,0.21666666666666667,0.03333333333333333,0.0,0.45,0.06666666666666668,0.0,0.0,-0.08000000000000002,0.013333333333333308,"{""ALML"": {""pre_hz"": 1.75, ""peri_hz"": 1.5, ""delta_hz"": -0.25}, ""ALMR"": {""pre_hz"": 0.25, ""peri_hz"": 0.0, ""delta_hz"": -0.25}, ""AVM"": {""pre_hz"": 0.5, ""peri_hz"": 0.5, ""delta_hz"": 0.0}, ""AIBL"": {""pre_hz"": 11.5, ""peri_hz"": 14.5, ""delta_hz"": 3.0}, ""AIBR"": {""pre_hz"": 13.5, ""peri_hz"": 20.0, ""delta_hz"": 6.5}, ""AVAL"": {""pre_hz"": 34.0, ""peri_hz"": 45.5, ""delta_hz"": 11.5}, ""AVAR"": {""pre_hz"": 35.25, ""peri_hz"": 47.0, ""delta_hz"": 11.75}, ""AVEL"": {""pre_hz"": 30.5, ""peri_hz"": 43.5, ""delta_hz"": 13.0}, ""AVER"": {""pre_hz"": 31.25, ""peri_hz"": 41.0, ""delta_hz"": 9.75}, ""AVDL"": {""pre_hz"": 34.0, ""peri_hz"": 45.0, ""delta_hz"": 11.0}, ""AVDR"": {""pre_hz"": 34.0, ""peri_hz"": 45.0, ""delta_hz"": 11.0}, ""AVBL"": {""pre_hz"": 27.25, ""peri_hz"": 33.5, ""delta_hz"": 6.25}, ""AVBR"": {""pre_hz"": 32.0, ""peri_hz"": 41.5, ""delta_hz"": 9.5}, ""RIML"": {""pre_hz"": 19.25, ""peri_hz"": 29.0, ""delta_hz"": 9.75}, ""RIMR"": {""pre_hz"": 23.75, ""peri_hz"": 27.0, ""delta_hz"": 3.25}, ""RIS"": {""pre_hz"": 0.25, ""peri_hz"": 1.5, ""delta_hz"": 1.25}, ""PVCL"": {""pre_hz"": 34.0, ""peri_hz"": 45.0, ""delta_hz"": 11.0}, ""PVCR"": {""pre_hz"": 34.0, ""peri_hz"": 45.0, ""delta_hz"": 11.0}}","{""ALML"": {""pre_hz"": 1.5, ""peri_hz"": 1.0, ""delta_hz"": -0.5}, ""ALMR"": {""pre_hz"": 0.25, ""peri_hz"": 0.0, ""delta_hz"": -0.25}, ""AVM"": {""pre_hz"": 0.5, ""peri_hz"": 0.5, ""delta_hz"": 0.0}, ""AIBL"": {""pre_hz"": 11.25, ""peri_hz"": 14.5, ""delta_hz"": 3.25}, ""AIBR"": {""pre_hz"": 12.75, ""peri_hz"": 19.0, ""delta_hz"": 6.25}, ""AVAL"": {""pre_hz"": 32.5, ""peri_hz"": 40.0, ""delta_hz"": 7.5}, ""AVAR"": {""pre_hz"": 33.25, ""peri_hz"": 40.0, ""delta_hz"": 6.75}, ""AVEL"": {""pre_hz"": 29.5, ""peri_hz"": 39.0, ""delta_hz"": 9.5}, ""AVER"": {""pre_hz"": 29.75, ""peri_hz"": 35.0, ""delta_hz"": 5.25}, ""AVDL"": {""pre_hz"": 32.5, ""peri_hz"": 39.5, ""delta_hz"": 7.0}, ""AVDR"": {""pre_hz"": 32.5, ""peri_hz"": 39.5, ""delta_hz"": 7.0}, ""AVBL"": {""pre_hz"": 25.5, ""peri_hz"": 30.0, ""delta_hz"": 4.5}, ""AVBR"": {""pre_hz"": 31.0, ""peri_hz"": 38.0, ""delta_hz"": 7.0}, ""RIML"": {""pre_hz"": 17.25, ""peri_hz"": 28.0, ""delta_hz"": 10.75}, ""RIMR"": {""pre_hz"": 22.75, ""peri_hz"": 25.5, ""delta_hz"": 2.75}, ""RIS"": {""pre_hz"": 0.5, ""peri_hz"": 2.0, ""delta_hz"": 1.5}, ""PVCL"": {""pre_hz"": 32.25, ""peri_hz"": 39.5, ""delta_hz"": 7.25}, ""PVCR"": {""pre_hz"": 32.25, ""peri_hz"": 39.5, ""delta_hz"": 7.25}}",
M2-pure,PDE / spontaneous,spontaneous,43,30.0,0.23166666666666666,0.36333333333333334,0.0,0.10166666666666667,0.30333333333333334,0.22,0.275,0.0,0.10166666666666667,0.4033333333333333,-0.08833333333333332,0.0,0.0,0.09999999999999998,-0.011666666666666659,"{""ALML"": {""pre_hz"": 0.75, ""peri_hz"": 0.0, ""delta_hz"": -0.75}, ""ALMR"": {""pre_hz"": 0.5, ""peri_hz"": 1.0, ""delta_hz"": 0.5}, ""AVM"": {""pre_hz"": 0.5, ""peri_hz"": 0.0, ""delta_hz"": -0.5}, ""AIBL"": {""pre_hz"": 9.75, ""peri_hz"": 14.0, ""delta_hz"": 4.25}, ""AIBR"": {""pre_hz"": 12.25, ""peri_hz"": 13.0, ""delta_hz"": 0.75}, ""AVAL"": {""pre_hz"": 38.0, ""peri_hz"": 42.0, ""delta_hz"": 4.0}, ""AVAR"": {""pre_hz"": 38.75, ""peri_hz"": 43.5, ""delta_hz"": 4.75}, ""AVEL"": {""pre_hz"": 36.25, ""peri_hz"": 37.5, ""delta_hz"": 1.25}, ""AVER"": {""pre_hz"": 35.0, ""peri_hz"": 35.5, ""delta_hz"": 0.5}, ""AVDL"": {""pre_hz"": 37.75, ""peri_hz"": 42.0, ""delta_hz"": 4.25}, ""AVDR"": {""pre_hz"": 37.75, ""peri_hz"": 42.0, ""delta_hz"": 4.25}, ""AVBL"": {""pre_hz"": 30.75, ""peri_hz"": 35.0, ""delta_hz"": 4.25}, ""AVBR"": {""pre_hz"": 36.0, ""peri_hz"": 39.5, ""delta_hz"": 3.5}, ""RIML"": {""pre_hz"": 21.25, ""peri_hz"": 23.0, ""delta_hz"": 1.75}, ""RIMR"": {""pre_hz"": 25.5, ""peri_hz"": 27.5, ""delta_hz"": 2.0}, ""RIS"": {""pre_hz"": 0.5, ""peri_hz"": 0.5, ""delta_hz"": 0.0}, ""PVCL"": {""pre_hz"": 37.75, ""peri_hz"": 42.0, ""delta_hz"": 4.25}, ""PVCR"": {""pre_hz"": 37.75, ""peri_hz"": 42.0, ""delta_hz"": 4.25}}","{""ALML"": {""pre_hz"": 0.75, ""peri_hz"": 0.0, ""delta_hz"": -0.75}, ""ALMR"": {""pre_hz"": 0.5, ""peri_hz"": 1.0, ""delta_hz"": 0.5}, ""AVM"": {""pre_hz"": 0.5, ""peri_hz"": 0.0, ""delta_hz"": -0.5}, ""AIBL"": {""pre_hz"": 9.5, ""peri_hz"": 12.0, ""delta_hz"": 2.5}, ""AIBR"": {""pre_hz"": 10.25, ""peri_hz"": 12.0, ""delta_hz"": 1.75}, ""AVAL"": {""pre_hz"": 30.75, ""peri_hz"": 38.5, ""delta_hz"": 7.75}, ""AVAR"": {""pre_hz"": 31.5, ""peri_hz"": 39.5, ""delta_hz"": 8.0}, ""AVEL"": {""pre_hz"": 27.5, ""peri_hz"": 33.0, ""delta_hz"": 5.5}, ""AVER"": {""pre_hz"": 28.5, ""peri_hz"": 33.0, ""delta_hz"": 4.5}, ""AVDL"": {""pre_hz"": 30.5, ""peri_hz"": 38.5, ""delta_hz"": 8.0}, ""AVDR"": {""pre_hz"": 30.5, ""peri_hz"": 38.5, ""delta_hz"": 8.0}, ""AVBL"": {""pre_hz"": 24.25, ""peri_hz"": 31.0, ""delta_hz"": 6.75}, ""AVBR"": {""pre_hz"": 29.0, ""peri_hz"": 37.0, ""delta_hz"": 8.0}, ""RIML"": {""pre_hz"": 17.5, ""peri_hz"": 20.5, ""delta_hz"": 3.0}, ""RIMR"": {""pre_hz"": 19.0, ""peri_hz"": 23.0, ""delta_hz"": 4.0}, ""RIS"": {""pre_hz"": 0.75, ""peri_hz"": 0.5, ""delta_hz"": -0.25}, ""PVCL"": {""pre_hz"": 30.5, ""peri_hz"": 38.5, ""delta_hz"": 8.0}, ""PVCR"": {""pre_hz"": 30.5, ""peri_hz"": 38.5, ""delta_hz"": 8.0}}",
M2-pure,PDE / spontaneous,spontaneous,44,30.0,0.295,0.37166666666666665,0.03333333333333333,0.1,0.2,0.22666666666666666,0.4166666666666667,0.03333333333333333,0.1,0.22333333333333333,0.04500000000000004,0.0,0.0,0.023333333333333317,-0.06833333333333333,"{""ALML"": {""pre_hz"": 0.5, ""peri_hz"": 0.5, ""delta_hz"": 0.0}, ""ALMR"": {""pre_hz"": 0.5, ""peri_hz"": 1.0, ""delta_hz"": 0.5}, ""AVM"": {""pre_hz"": 2.0, ""peri_hz"": 0.5, ""delta_hz"": -1.5}, ""AIBL"": {""pre_hz"": 10.75, ""peri_hz"": 12.5, ""delta_hz"": 1.75}, ""AIBR"": {""pre_hz"": 11.25, ""peri_hz"": 10.5, ""delta_hz"": -0.75}, ""AVAL"": {""pre_hz"": 36.5, ""peri_hz"": 35.0, ""delta_hz"": -1.5}, ""AVAR"": {""pre_hz"": 37.0, ""peri_hz"": 34.5, ""delta_hz"": -2.5}, ""AVEL"": {""pre_hz"": 34.0, ""peri_hz"": 31.5, ""delta_hz"": -2.5}, ""AVER"": {""pre_hz"": 33.75, ""peri_hz"": 31.5, ""delta_hz"": -2.25}, ""AVDL"": {""pre_hz"": 36.5, ""peri_hz"": 34.0, ""delta_hz"": -2.5}, ""AVDR"": {""pre_hz"": 36.5, ""peri_hz"": 34.0, ""delta_hz"": -2.5}, ""AVBL"": {""pre_hz"": 32.0, ""peri_hz"": 27.5, ""delta_hz"": -4.5}, ""AVBR"": {""pre_hz"": 35.75, ""peri_hz"": 34.5, ""delta_hz"": -1.25}, ""RIML"": {""pre_hz"": 18.75, ""peri_hz"": 17.0, ""delta_hz"": -1.75}, ""RIMR"": {""pre_hz"": 25.5, ""peri_hz"": 24.5, ""delta_hz"": -1.0}, ""RIS"": {""pre_hz"": 0.5, ""peri_hz"": 1.0, ""delta_hz"": 0.5}, ""PVCL"": {""pre_hz"": 36.5, ""peri_hz"": 34.0, ""delta_hz"": -2.5}, ""PVCR"": {""pre_hz"": 37.0, ""peri_hz"": 34.0, ""delta_hz"": -3.0}}","{""ALML"": {""pre_hz"": 0.5, ""peri_hz"": 0.5, ""delta_hz"": 0.0}, ""ALMR"": {""pre_hz"": 0.5, ""peri_hz"": 0.5, ""delta_hz"": 0.0}, ""AVM"": {""pre_hz"": 1.5, ""peri_hz"": 0.5, ""delta_hz"": -1.0}, ""AIBL"": {""pre_hz"": 9.75, ""peri_hz"": 12.0, ""delta_hz"": 2.25}, ""AIBR"": {""pre_hz"": 10.75, ""peri_hz"": 9.5, ""delta_hz"": -1.25}, ""AVAL"": {""pre_hz"": 31.5, ""peri_hz"": 30.5, ""delta_hz"": -1.0}, ""AVAR"": {""pre_hz"": 31.0, ""peri_hz"": 30.0, ""delta_hz"": -1.0}, ""AVEL"": {""pre_hz"": 27.0, ""peri_hz"": 28.0, ""delta_hz"": 1.0}, ""AVER"": {""pre_hz"": 28.5, ""peri_hz"": 28.0, ""delta_hz"": -0.5}, ""AVDL"": {""pre_hz"": 30.5, ""peri_hz"": 30.0, ""delta_hz"": -0.5}, ""AVDR"": {""pre_hz"": 30.5, ""peri_hz"": 30.0, ""delta_hz"": -0.5}, ""AVBL"": {""pre_hz"": 25.5, ""peri_hz"": 24.0, ""delta_hz"": -1.5}, ""AVBR"": {""pre_hz"": 29.25, ""peri_hz"": 30.5, ""delta_hz"": 1.25}, ""RIML"": {""pre_hz"": 17.25, ""peri_hz"": 15.5, ""delta_hz"": -1.75}, ""RIMR"": {""pre_hz"": 21.25, ""peri_hz"": 21.5, ""delta_hz"": 0.25}, ""RIS"": {""pre_hz"": 0.5, ""peri_hz"": 1.5, ""delta_hz"": 1.0}, ""PVCL"": {""pre_hz"": 30.5, ""peri_hz"": 30.0, ""delta_hz"": -0.5}, ""PVCR"": {""pre_hz"": 31.25, ""peri_hz"": 30.0, ""delta_hz"": -1.25}}",
M2-pure,PDE / spontaneous,spontaneous,45,30.0,0.2683333333333333,0.42833333333333334,0.0,0.10166666666666667,0.20166666666666666,0.28833333333333333,0.475,0.0,0.10166666666666667,0.135,0.046666666666666634,0.0,0.0,-0.06666666666666665,0.020000000000000018,"{""ALML"": {""pre_hz"": 1.75, ""peri_hz"": 0.5, ""delta_hz"": -1.25}, ""ALMR"": {""pre_hz"": 0.5, ""peri_hz"": 0.5, ""delta_hz"": 0.0}, ""AVM"": {""pre_hz"": 0.25, ""peri_hz"": 1.0, ""delta_hz"": 0.75}, ""AIBL"": {""pre_hz"": 10.0, ""peri_hz"": 13.5, ""delta_hz"": 3.5}, ""AIBR"": {""pre_hz"": 12.0, ""peri_hz"": 9.0, ""delta_hz"": -3.0}, ""AVAL"": {""pre_hz"": 37.25, ""peri_hz"": 39.5, ""delta_hz"": 2.25}, ""AVAR"": {""pre_hz"": 37.5, ""peri_hz"": 38.5, ""delta_hz"": 1.0}, ""AVEL"": {""pre_hz"": 33.0, ""peri_hz"": 33.0, ""delta_hz"": 0.0}, ""AVER"": {""pre_hz"": 32.0, ""peri_hz"": 33.5, ""delta_hz"": 1.5}, ""AVDL"": {""pre_hz"": 36.5, ""peri_hz"": 38.5, ""delta_hz"": 2.0}, ""AVDR"": {""pre_hz"": 36.5, ""peri_hz"": 38.5, ""delta_hz"": 2.0}, ""AVBL"": {""pre_hz"": 32.0, ""peri_hz"": 35.0, ""delta_hz"": 3.0}, ""AVBR"": {""pre_hz"": 35.75, ""peri_hz"": 37.5, ""delta_hz"": 1.75}, ""RIML"": {""pre_hz"": 21.0, ""peri_hz"": 20.0, ""delta_hz"": -1.0}, ""RIMR"": {""pre_hz"": 23.75, ""peri_hz"": 27.0, ""delta_hz"": 3.25}, ""RIS"": {""pre_hz"": 1.25, ""peri_hz"": 2.0, ""delta_hz"": 0.75}, ""PVCL"": {""pre_hz"": 36.5, ""peri_hz"": 38.5, ""delta_hz"": 2.0}, ""PVCR"": {""pre_hz"": 36.5, ""peri_hz"": 38.5, ""delta_hz"": 2.0}}","{""ALML"": {""pre_hz"": 1.5, ""peri_hz"": 0.5, ""delta_hz"": -1.0}, ""ALMR"": {""pre_hz"": 0.25, ""peri_hz"": 0.5, ""delta_hz"": 0.25}, ""AVM"": {""pre_hz"": 0.25, ""peri_hz"": 1.0, ""delta_hz"": 0.75}, ""AIBL"": {""pre_hz"": 10.75, ""peri_hz"": 14.5, ""delta_hz"": 3.75}, ""AIBR"": {""pre_hz"": 12.0, ""peri_hz"": 9.0, ""delta_hz"": -3.0}, ""AVAL"": {""pre_hz"": 34.25, ""peri_hz"": 36.5, ""delta_hz"": 2.25}, ""AVAR"": {""pre_hz"": 34.0, ""peri_hz"": 36.0, ""delta_hz"": 2.0}, ""AVEL"": {""pre_hz"": 31.25, ""peri_hz"": 31.0, ""delta_hz"": -0.25}, ""AVER"": {""pre_hz"": 29.0, ""peri_hz"": 30.5, ""delta_hz"": 1.5}, ""AVDL"": {""pre_hz"": 33.75, ""peri_hz"": 36.0, ""delta_hz"": 2.25}, ""AVDR"": {""pre_hz"": 33.75, ""peri_hz"": 36.0, ""delta_hz"": 2.25}, ""AVBL"": {""pre_hz"": 29.25, ""peri_hz"": 29.0, ""delta_hz"": -0.25}, ""AVBR"": {""pre_hz"": 32.75, ""peri_hz"": 34.0, ""delta_hz"": 1.25}, ""RIML"": {""pre_hz"": 18.25, ""peri_hz"": 19.0, ""delta_hz"": 0.75}, ""RIMR"": {""pre_hz"": 21.5, ""peri_hz"": 26.0, ""delta_hz"": 4.5}, ""RIS"": {""pre_hz"": 0.5, ""peri_hz"": 2.0, ""delta_hz"": 1.5}, ""PVCL"": {""pre_hz"": 33.75, ""peri_hz"": 36.0, ""delta_hz"": 2.25}, ""PVCR"": {""pre_hz"": 33.75, ""peri_hz"": 36.5, ""delta_hz"": 2.75}}",
M2-pure,PDE / spontaneous,spontaneous,46,30.0,0.24333333333333335,0.37666666666666665,0.03333333333333333,0.1,0.24666666666666667,0.2633333333333333,0.45666666666666667,0.03333333333333333,0.1,0.14666666666666667,0.08000000000000002,0.0,0.0,-0.1,0.019999999999999962,"{""ALML"": {""pre_hz"": 1.5, ""peri_hz"": 1.0, ""delta_hz"": -0.5}, ""ALMR"": {""pre_hz"": 1.5, ""peri_hz"": 0.0, ""delta_hz"": -1.5}, ""AVM"": {""pre_hz"": 0.75, ""peri_hz"": 0.0, ""delta_hz"": -0.75}, ""AIBL"": {""pre_hz"": 10.0, ""peri_hz"": 12.0, ""delta_hz"": 2.0}, ""AIBR"": {""pre_hz"": 13.5, ""peri_hz"": 12.0, ""delta_hz"": -1.5}, ""AVAL"": {""pre_hz"": 42.25, ""peri_hz"": 29.5, ""delta_hz"": -12.75}, ""AVAR"": {""pre_hz"": 42.5, ""peri_hz"": 29.5, ""delta_hz"": -13.0}, ""AVEL"": {""pre_hz"": 39.25, ""peri_hz"": 28.0, ""delta_hz"": -11.25}, ""AVER"": {""pre_hz"": 37.75, ""peri_hz"": 26.5, ""delta_hz"": -11.25}, ""AVDL"": {""pre_hz"": 41.5, ""peri_hz"": 29.5, ""delta_hz"": -12.0}, ""AVDR"": {""pre_hz"": 41.5, ""peri_hz"": 29.5, ""delta_hz"": -12.0}, ""AVBL"": {""pre_hz"": 33.25, ""peri_hz"": 23.0, ""delta_hz"": -10.25}, ""AVBR"": {""pre_hz"": 39.5, ""peri_hz"": 26.5, ""delta_hz"": -13.0}, ""RIML"": {""pre_hz"": 22.25, ""peri_hz"": 17.5, ""delta_hz"": -4.75}, ""RIMR"": {""pre_hz"": 27.0, ""peri_hz"": 23.5, ""delta_hz"": -3.5}, ""RIS"": {""pre_hz"": 0.75, ""peri_hz"": 0.5, ""delta_hz"": -0.25}, ""PVCL"": {""pre_hz"": 41.5, ""peri_hz"": 29.5, ""delta_hz"": -12.0}, ""PVCR"": {""pre_hz"": 41.5, ""peri_hz"": 29.5, ""delta_hz"": -12.0}}","{""ALML"": {""pre_hz"": 1.5, ""peri_hz"": 1.0, ""delta_hz"": -0.5}, ""ALMR"": {""pre_hz"": 1.5, ""peri_hz"": 0.0, ""delta_hz"": -1.5}, ""AVM"": {""pre_hz"": 0.5, ""peri_hz"": 0.0, ""delta_hz"": -0.5}, ""AIBL"": {""pre_hz"": 10.5, ""peri_hz"": 11.0, ""delta_hz"": 0.5}, ""AIBR"": {""pre_hz"": 12.75, ""peri_hz"": 11.5, ""delta_hz"": -1.25}, ""AVAL"": {""pre_hz"": 37.25, ""peri_hz"": 26.5, ""delta_hz"": -10.75}, ""AVAR"": {""pre_hz"": 36.75, ""peri_hz"": 27.0, ""delta_hz"": -9.75}, ""AVEL"": {""pre_hz"": 33.75, ""peri_hz"": 25.5, ""delta_hz"": -8.25}, ""AVER"": {""pre_hz"": 32.25, ""peri_hz"": 23.5, ""delta_hz"": -8.75}, ""AVDL"": {""pre_hz"": 36.0, ""peri_hz"": 26.5, ""delta_hz"": -9.5}, ""AVDR"": {""pre_hz"": 36.0, ""peri_hz"": 26.5, ""delta_hz"": -9.5}, ""AVBL"": {""pre_hz"": 28.0, ""peri_hz"": 20.0, ""delta_hz"": -8.0}, ""AVBR"": {""pre_hz"": 34.0, ""peri_hz"": 24.0, ""delta_hz"": -10.0}, ""RIML"": {""pre_hz"": 20.25, ""peri_hz"": 16.5, ""delta_hz"": -3.75}, ""RIMR"": {""pre_hz"": 24.25, ""peri_hz"": 22.0, ""delta_hz"": -2.25}, ""RIS"": {""pre_hz"": 0.75, ""peri_hz"": 0.0, ""delta_hz"": -0.75}, ""PVCL"": {""pre_hz"": 36.0, ""peri_hz"": 26.5, ""delta_hz"": -9.5}, ""PVCR"": {""pre_hz"": 36.0, ""peri_hz"": 26.5, ""delta_hz"": -9.5}}",
