organism,subset,n_classes,predicted_EC50_uM,published_EC50_uM,fold_error,passes_stage1,qf_dose_10,qf_dose_30,qf_dose_100,qf_dose_200,qf_dose_350,qf_dose_500,qf_dose_1000,qf_dose_3000
worm,gaba_potentiation,1,,340.0,,False,0.0,0.0,0.0,0.0,0.0,0.0,0.0,0.0
worm,k2p_potentiation,1,,340.0,,False,0.0,0.0,0.0,0.0,0.0,0.0,0.0,0.0
worm,complex_i_block,1,,340.0,,False,0.0,0.0,0.0,0.0,0.0,0.0,0.0,0.0
worm,snare_cooperativity,1,,340.0,,False,0.0,0.0,0.0,0.0,0.0,0.0,0.008333333333333333,0.0375
worm,nca_block,1,,340.0,,False,0.0,0.0,0.0,0.0,0.0,0.0,0.0,0.0
worm,nachr_antagonism,1,,340.0,,False,0.0,0.0,0.0,0.0,0.0,0.0,0.0,0.0
worm,glucl_potentiation,1,,340.0,,False,0.0,0.0,0.0,0.0,0.0,0.0,0.0,0.0
worm,gaba_potentiation|k2p_potentiation,2,,340.0,,False,0.0,0.0,0.0,0.0,0.0,0.0,0.0,0.0
worm,gaba_potentiation|complex_i_block,2,,340.0,,False,0.0,0.0,0.0,0.0,0.0,0.0,0.004166666666666667,0.004166666666666667
worm,gaba_potentiation|snare_cooperativity,2,,340.0,,False,0.0,0.0,0.0,0.0,0.004166666666666667,0.004166666666666667,0.05833333333333333,0.2541666666666667
worm,gaba_potentiation|nca_block,2,,340.0,,False,0.0,0.0,0.0,0.0,0.0,0.0,0.0,0.004166666666666667
worm,gaba_potentiation|nachr_antagonism,2,,340.0,,False,0.0,0.0,0.0,0.0,0.0,0.0,0.0,0.0
worm,gaba_potentiation|glucl_potentiation,2,,340.0,,False,0.0,0.0,0.0,0.0,0.0,0.0,0.0,0.0
worm,k2p_potentiation|complex_i_block,2,,340.0,,False,0.0,0.0,0.0,0.0,0.0,0.004166666666666667,0.004166666666666667,0.004166666666666667
worm,k2p_potentiation|snare_cooperativity,2,,340.0,,False,0.0,0.0,0.0,0.0,0.004166666666666667,0.004166666666666667,0.05833333333333333,0.2583333333333333
worm,k2p_potentiation|nca_block,2,,340.0,,False,0.0,0.0,0.0,0.0,0.0,0.0,0.0,0.004166666666666667
worm,k2p_potentiation|nachr_antagonism,2,,340.0,,False,0.0,0.0,0.0,0.0,0.0,0.0,0.0,0.0
worm,k2p_potentiation|glucl_potentiation,2,,340.0,,False,0.0,0.0,0.0,0.0,0.0,0.0,0.0,0.0
worm,complex_i_block|snare_cooperativity,2,2316.6340219616445,340.0,6.813629476357778,False,0.0,0.0,0.0,0.004166666666666667,0.025,0.0375,0.22916666666666669,0.5833333333333334
worm,complex_i_block|nca_block,2,,340.0,,False,0.0,0.0,0.0,0.0,0.0,0.004166666666666667,0.004166666666666667,0.016666666666666666
worm,complex_i_block|nachr_antagonism,2,,340.0,,False,0.0,0.0,0.0,0.0,0.0,0.0,0.004166666666666667,0.004166666666666667
worm,complex_i_block|glucl_potentiation,2,,340.0,,False,0.0,0.0,0.0,0.0,0.0,0.0,0.004166666666666667,0.004166666666666667
worm,snare_cooperativity|nca_block,2,,340.0,,False,0.0,0.0,0.0,0.0,0.004166666666666667,0.016666666666666666,0.09166666666666665,0.35833333333333334
worm,snare_cooperativity|nachr_antagonism,2,,340.0,,False,0.0,0.0,0.0,0.0,0.004166666666666667,0.004166666666666667,0.05833333333333333,0.26666666666666666
worm,snare_cooperativity|glucl_potentiation,2,,340.0,,False,0.0,0.0,0.0,0.0,0.0,0.004166666666666667,0.024999999999999998,0.15
worm,nca_block|nachr_antagonism,2,,340.0,,False,0.0,0.0,0.0,0.0,0.0,0.0,0.0,0.004166666666666667
worm,nca_block|glucl_potentiation,2,,340.0,,False,0.0,0.0,0.0,0.0,0.0,0.0,0.0,0.0
worm,nachr_antagonism|glucl_potentiation,2,,340.0,,False,0.0,0.0,0.0,0.0,0.0,0.0,0.0,0.0
worm,gaba_potentiation|k2p_potentiation|complex_i_block,3,,340.0,,False,0.0,0.0,0.0,0.0,0.004166666666666667,0.004166666666666667,0.0125,0.04583333333333332
worm,gaba_potentiation|k2p_potentiation|snare_cooperativity,3,2445.425911600336,340.0,7.192429151765694,False,0.0,0.0,0.0,0.004166666666666667,0.020833333333333332,0.0375,0.20833333333333334,0.5666666666666667
worm,gaba_potentiation|k2p_potentiation|nca_block,3,,340.0,,False,0.0,0.0,0.0,0.0,0.0,0.004166666666666667,0.004166666666666667,0.016666666666666666
worm,gaba_potentiation|k2p_potentiation|nachr_antagonism,3,,340.0,,False,0.0,0.0,0.0,0.0,0.0,0.0,0.004166666666666667,0.004166666666666667
worm,gaba_potentiation|k2p_potentiation|glucl_potentiation,3,,340.0,,False,0.0,0.0,0.0,0.0,0.0,0.0,0.004166666666666667,0.004166666666666667
worm,gaba_potentiation|complex_i_block|snare_cooperativity,3,1117.5017625125433,340.0,3.2867698897427746,False,0.0,0.0,0.0,0.004166666666666667,0.04583333333333333,0.13333333333333333,0.4625,0.8333333333333334
worm,gaba_potentiation|complex_i_block|nca_block,3,,340.0,,False,0.0,0.0,0.0,0.0,0.004166666666666667,0.004166666666666667,0.016666666666666666,0.07083333333333333
worm,gaba_potentiation|complex_i_block|nachr_antagonism,3,,340.0,,False,0.0,0.0,0.0,0.0,0.004166666666666667,0.004166666666666667,0.0125,0.04583333333333332
worm,gaba_potentiation|complex_i_block|glucl_potentiation,3,,340.0,,False,0.0,0.0,0.0,0.0,0.004166666666666667,0.004166666666666667,0.008333333333333333,0.016666666666666666
worm,gaba_potentiation|snare_cooperativity|nca_block,3,1870.2850907392597,340.0,5.500838502174293,False,0.0,0.0,0.0,0.004166666666666667,0.029166666666666664,0.05,0.2791666666666667,0.6666666666666667
worm,gaba_potentiation|snare_cooperativity|nachr_antagonism,3,2445.425911600336,340.0,7.192429151765694,False,0.0,0.0,0.0,0.0,0.016666666666666666,0.0375,0.20833333333333334,0.5666666666666667
worm,gaba_potentiation|snare_cooperativity|glucl_potentiation,3,,340.0,,False,0.0,0.0,0.0,0.0,0.004166666666666667,0.029166666666666664,0.12916666666666668,0.4499999999999999
worm,gaba_potentiation|nca_block|nachr_antagonism,3,,340.0,,False,0.0,0.0,0.0,0.0,0.0,0.004166666666666667,0.004166666666666667,0.016666666666666666
worm,gaba_potentiation|nca_block|glucl_potentiation,3,,340.0,,False,0.0,0.0,0.0,0.0,0.0,0.0,0.004166666666666667,0.004166666666666667
worm,gaba_potentiation|nachr_antagonism|glucl_potentiation,3,,340.0,,False,0.0,0.0,0.0,0.0,0.0,0.0,0.004166666666666667,0.004166666666666667
worm,k2p_potentiation|complex_i_block|snare_cooperativity,3,1025.8782992444833,340.0,3.017289115424951,False,0.0,0.0,0.0,0.004166666666666667,0.04583333333333332,0.14583333333333334,0.4916666666666667,0.85
worm,k2p_potentiation|complex_i_block|nca_block,3,,340.0,,False,0.0,0.0,0.0,0.0,0.004166666666666667,0.008333333333333333,0.020833333333333332,0.07083333333333333
worm,k2p_potentiation|complex_i_block|nachr_antagonism,3,,340.0,,False,0.0,0.0,0.0,0.0,0.004166666666666667,0.004166666666666667,0.0125,0.04583333333333332
worm,k2p_potentiation|complex_i_block|glucl_potentiation,3,,340.0,,False,0.0,0.0,0.0,0.0,0.004166666666666667,0.004166666666666667,0.008333333333333333,0.016666666666666666
worm,k2p_potentiation|snare_cooperativity|nca_block,3,1806.8056703447535,340.0,5.314134324543392,False,0.0,0.0,0.0,0.004166666666666667,0.029166666666666664,0.05,0.2958333333333333,0.675
worm,k2p_potentiation|snare_cooperativity|nachr_antagonism,3,2408.2246852806916,340.0,7.083013780237328,False,0.0,0.0,0.0,0.004166666666666667,0.025,0.0375,0.21666666666666665,0.5708333333333334
worm,k2p_potentiation|snare_cooperativity|glucl_potentiation,3,,340.0,,False,0.0,0.0,0.0,0.0,0.004166666666666667,0.03333333333333333,0.14166666666666666,0.45
worm,k2p_potentiation|nca_block|nachr_antagonism,3,,340.0,,False,0.0,0.0,0.0,0.0,0.0,0.004166666666666667,0.004166666666666667,0.016666666666666666
worm,k2p_potentiation|nca_block|glucl_potentiation,3,,340.0,,False,0.0,0.0,0.0,0.0,0.0,0.0,0.004166666666666667,0.004166666666666667
worm,k2p_potentiation|nachr_antagonism|glucl_potentiation,3,,340.0,,False,0.0,0.0,0.0,0.0,0.0,0.0,0.004166666666666667,0.004166666666666667
worm,complex_i_block|snare_cooperativity|nca_block,3,901.9152813315021,340.0,2.6526920039161825,False,0.0,0.0,0.0,0.0125,0.05833333333333333,0.16666666666666669,0.5583333333333333,0.8708333333333332
worm,complex_i_block|snare_cooperativity|nachr_antagonism,3,1101.3991213656016,340.0,3.2394091804870633,False,0.0,0.0,0.0,0.004166666666666667,0.041666666666666664,0.14166666666666666,0.4666666666666667,0.8458333333333332
worm,complex_i_block|snare_cooperativity|glucl_potentiation,3,1442.2495703074076,340.0,4.24191050090414,False,0.0,0.0,0.0,0.004166666666666667,0.0375,0.09166666666666666,0.37916666666666665,0.7416666666666668
worm,complex_i_block|nca_block|nachr_antagonism,3,,340.0,,False,0.0,0.0,0.0,0.0,0.004166666666666667,0.008333333333333333,0.020833333333333332,0.07083333333333333
worm,complex_i_block|nca_block|glucl_potentiation,3,,340.0,,False,0.0,0.0,0.0,0.0,0.004166666666666667,0.004166666666666667,0.0125,0.041666666666666664
worm,complex_i_block|nachr_antagonism|glucl_potentiation,3,,340.0,,False,0.0,0.0,0.0,0.0,0.004166666666666667,0.004166666666666667,0.008333333333333333,0.016666666666666666
worm,snare_cooperativity|nca_block|nachr_antagonism,3,1836.2821708188717,340.0,5.400829914173152,False,0.0,0.0,0.0,0.004166666666666667,0.029166666666666664,0.05,0.2833333333333333,0.675
worm,snare_cooperativity|nca_block|glucl_potentiation,3,2445.425911600336,340.0,7.192429151765694,False,0.0,0.0,0.0,0.0,0.016666666666666666,0.0375,0.20833333333333334,0.5666666666666667
worm,snare_cooperativity|nachr_antagonism|glucl_potentiation,3,,340.0,,False,0.0,0.0,0.0,0.0,0.004166666666666667,0.0375,0.1375,0.4541666666666666
worm,nca_block|nachr_antagonism|glucl_potentiation,3,,340.0,,False,0.0,0.0,0.0,0.0,0.0,0.0,0.004166666666666667,0.004166666666666667
worm,gaba_potentiation|k2p_potentiation|complex_i_block|snare_cooperativity,4,728.4274237469963,340.0,2.1424335992558716,False,0.0,0.0,0.0,0.0125,0.07916666666666666,0.2625,0.7,0.925
worm,gaba_potentiation|k2p_potentiation|complex_i_block|nca_block,4,,340.0,,False,0.0,0.0,0.0,0.004166666666666667,0.0125,0.020833333333333332,0.0875,0.22083333333333335
worm,gaba_potentiation|k2p_potentiation|complex_i_block|nachr_antagonism,4,,340.0,,False,0.0,0.0,0.0,0.004166666666666667,0.008333333333333333,0.0125,0.07083333333333333,0.17916666666666667
worm,gaba_potentiation|k2p_potentiation|complex_i_block|glucl_potentiation,4,,340.0,,False,0.0,0.0,0.0,0.0,0.004166666666666667,0.016666666666666666,0.04583333333333334,0.1125
worm,gaba_potentiation|k2p_potentiation|snare_cooperativity|nca_block,4,940.2466140861619,340.0,2.7654312179004763,False,0.0,0.0,0.0,0.004166666666666667,0.04583333333333332,0.15833333333333335,0.5333333333333333,0.8791666666666668
worm,gaba_potentiation|k2p_potentiation|snare_cooperativity|nachr_antagonism,4,1157.7536725165905,340.0,3.4051578603429133,False,0.0,0.0,0.0,0.004166666666666667,0.04583333333333332,0.125,0.45,0.825
worm,gaba_potentiation|k2p_potentiation|snare_cooperativity|glucl_potentiation,4,1555.3647677351494,340.0,4.574602258044557,False,0.0,0.0,0.0,0.004166666666666667,0.03333333333333333,0.0875,0.3375,0.7416666666666668
worm,gaba_potentiation|k2p_potentiation|nca_block|nachr_antagonism,4,,340.0,,False,0.0,0.0,0.0,0.0,0.004166666666666667,0.004166666666666667,0.016666666666666666,0.07083333333333333
worm,gaba_potentiation|k2p_potentiation|nca_block|glucl_potentiation,4,,340.0,,False,0.0,0.0,0.0,0.0,0.004166666666666667,0.004166666666666667,0.0125,0.03333333333333333
worm,gaba_potentiation|k2p_potentiation|nachr_antagonism|glucl_potentiation,4,,340.0,,False,0.0,0.0,0.0,0.0,0.0,0.004166666666666667,0.008333333333333333,0.016666666666666666
worm,gaba_potentiation|complex_i_block|snare_cooperativity|nca_block,4,665.6538418712678,340.0,1.9578054172684347,True,0.0,0.0,0.0,0.020833333333333332,0.10833333333333332,0.3125,0.7666666666666667,0.9458333333333334
worm,gaba_potentiation|complex_i_block|snare_cooperativity|nachr_antagonism,4,730.6081798912511,340.0,2.1488475879154443,False,0.0,0.0,0.0,0.0125,0.075,0.2583333333333333,0.7,0.925
worm,gaba_potentiation|complex_i_block|snare_cooperativity|glucl_potentiation,4,826.7311755268282,340.0,2.4315622809612596,False,0.0,0.0,0.0,0.0125,0.07083333333333333,0.19166666666666665,0.6166666666666667,0.8958333333333333
worm,gaba_potentiation|complex_i_block|nca_block|nachr_antagonism,4,,340.0,,False,0.0,0.0,0.0,0.004166666666666667,0.0125,0.020833333333333332,0.08750000000000001,0.22083333333333335
worm,gaba_potentiation|complex_i_block|nca_block|glucl_potentiation,4,,340.0,,False,0.0,0.0,0.0,0.004166666666666667,0.004166666666666667,0.0125,0.06666666666666667,0.1625
worm,gaba_potentiation|complex_i_block|nachr_antagonism|glucl_potentiation,4,,340.0,,False,0.0,0.0,0.0,0.0,0.004166666666666667,0.0125,0.03333333333333333,0.1125
worm,gaba_potentiation|snare_cooperativity|nca_block|nachr_antagonism,4,954.3459679730072,340.0,2.8068999058029624,False,0.0,0.0,0.0,0.004166666666666667,0.041666666666666664,0.15416666666666667,0.525,0.8791666666666668
worm,gaba_potentiation|snare_cooperativity|nca_block|glucl_potentiation,4,1184.1405949888567,340.0,3.482766455849579,False,0.0,0.0,0.0,0.004166666666666667,0.041666666666666664,0.10416666666666667,0.4416666666666667,0.8208333333333334
worm,gaba_potentiation|snare_cooperativity|nachr_antagonism|glucl_potentiation,4,1576.1431945939614,340.0,4.635715278217534,False,0.0,0.0,0.0,0.004166666666666667,0.025,0.075,0.3291666666666667,0.7416666666666668
worm,gaba_potentiation|nca_block|nachr_antagonism|glucl_potentiation,4,,340.0,,False,0.0,0.0,0.0,0.0,0.004166666666666667,0.004166666666666667,0.016666666666666666,0.03333333333333333
worm,k2p_potentiation|complex_i_block|snare_cooperativity|nca_block,4,654.0112634923385,340.0,1.9235625396833484,True,0.0,0.0,0.0,0.020833333333333332,0.1125,0.3208333333333333,0.7833333333333333,0.95
worm,k2p_potentiation|complex_i_block|snare_cooperativity|nachr_antagonism,4,721.6702885149786,340.0,2.122559672102878,False,0.0,0.0,0.0,0.016666666666666666,0.0875,0.275,0.7,0.925
worm,k2p_potentiation|complex_i_block|snare_cooperativity|glucl_potentiation,4,806.2618632491019,340.0,2.371358421320888,False,0.0,0.0,0.0,0.0125,0.07083333333333333,0.20416666666666666,0.6333333333333333,0.9
worm,k2p_potentiation|complex_i_block|nca_block|nachr_antagonism,4,,340.0,,False,0.0,0.0,0.0,0.004166666666666667,0.016666666666666666,0.020833333333333332,0.09166666666666667,0.24166666666666664
worm,k2p_potentiation|complex_i_block|nca_block|glucl_potentiation,4,,340.0,,False,0.0,0.0,0.0,0.004166666666666667,0.008333333333333333,0.0125,0.07083333333333333,0.17916666666666664
worm,k2p_potentiation|complex_i_block|nachr_antagonism|glucl_potentiation,4,,340.0,,False,0.0,0.0,0.0,0.004166666666666667,0.004166666666666667,0.016666666666666666,0.04583333333333332,0.1125
worm,k2p_potentiation|snare_cooperativity|nca_block|nachr_antagonism,4,933.0329915368078,340.0,2.7442146809906114,False,0.0,0.0,0.0,0.008333333333333333,0.05416666666666666,0.1625,0.5375,0.8708333333333332
worm,k2p_potentiation|snare_cooperativity|nca_block|glucl_potentiation,4,1157.7536725165905,340.0,3.4051578603429133,False,0.0,0.0,0.0,0.004166666666666667,0.04583333333333332,0.125,0.45,0.825
worm,k2p_potentiation|snare_cooperativity|nachr_antagonism|glucl_potentiation,4,1544.75815522871,340.0,4.54340633890797,False,0.0,0.0,0.0,0.004166666666666667,0.03333333333333333,0.0875,0.3416666666666667,0.7416666666666668
worm,k2p_potentiation|nca_block|nachr_antagonism|glucl_potentiation,4,,340.0,,False,0.0,0.0,0.0,0.0,0.004166666666666667,0.004166666666666667,0.0125,0.03333333333333333
worm,complex_i_block|snare_cooperativity|nca_block|nachr_antagonism,4,658.108060133322,340.0,1.9356119415685942,True,0.0,0.0,0.0,0.020833333333333332,0.10833333333333332,0.31666666666666665,0.7791666666666666,0.95
worm,complex_i_block|snare_cooperativity|nca_block|glucl_potentiation,4,735.4013721873933,340.0,2.162945212315863,False,0.0,0.0,0.0,0.0125,0.075,0.25416666666666665,0.6958333333333333,0.925
worm,complex_i_block|snare_cooperativity|nachr_antagonism|glucl_potentiation,4,810.0475102505384,340.0,2.3824926772074657,False,0.0,0.0,0.0,0.0125,0.07083333333333333,0.20416666666666666,0.6291666666666667,0.8958333333333333
worm,complex_i_block|nca_block|nachr_antagonism|glucl_potentiation,4,,340.0,,False,0.0,0.0,0.0,0.004166666666666667,0.008333333333333333,0.0125,0.06666666666666667,0.175
worm,snare_cooperativity|nca_block|nachr_antagonism|glucl_potentiation,4,1171.9727519516061,340.0,3.4469786822106063,False,0.0,0.0,0.0,0.004166666666666667,0.041666666666666664,0.11666666666666667,0.4458333333333333,0.8208333333333334
worm,gaba_potentiation|k2p_potentiation|complex_i_block|snare_cooperativity|nca_block,5,499.99999999999994,340.0,1.4705882352941175,True,0.0,0.0,0.0,0.025,0.21666666666666665,0.5,0.8916666666666666,0.9916666666666666
worm,gaba_potentiation|k2p_potentiation|complex_i_block|snare_cooperativity|nachr_antagonism,5,542.9201300049216,340.0,1.5968239117791811,True,0.0,0.0,0.0,0.025,0.19583333333333336,0.45,0.8708333333333333,0.9916666666666666
worm,gaba_potentiation|k2p_potentiation|complex_i_block|snare_cooperativity|glucl_potentiation,5,604.4039129138936,340.0,1.7776585673938046,True,0.0,0.0,0.0,0.020833333333333332,0.14583333333333334,0.3791666666666667,0.8208333333333332,0.9833333333333334
worm,gaba_potentiation|k2p_potentiation|complex_i_block|nca_block|nachr_antagonism,5,,340.0,,False,0.0,0.0,0.0,0.004166666666666667,0.029166666666666664,0.07916666666666668,0.25,0.4625
worm,gaba_potentiation|k2p_potentiation|complex_i_block|nca_block|glucl_potentiation,5,,340.0,,False,0.0,0.0,0.0,0.004166666666666667,0.016666666666666666,0.07083333333333333,0.18333333333333335,0.36666666666666664
worm,gaba_potentiation|k2p_potentiation|complex_i_block|nachr_antagonism|glucl_potentiation,5,,340.0,,False,0.0,0.0,0.0,0.004166666666666667,0.0125,0.04166666666666667,0.14166666666666666,0.29583333333333334
worm,gaba_potentiation|k2p_potentiation|snare_cooperativity|nca_block|nachr_antagonism,5,680.871544546208,340.0,2.0025633663123767,False,0.0,0.0,0.0,0.016666666666666666,0.09999999999999999,0.2958333333333333,0.7541666666666667,0.9458333333333332
worm,gaba_potentiation|k2p_potentiation|snare_cooperativity|nca_block|glucl_potentiation,5,749.9704515390556,340.0,2.205795445703105,False,0.0,0.0,0.0,0.0125,0.07083333333333333,0.24166666666666664,0.6833333333333333,0.9208333333333334
worm,gaba_potentiation|k2p_potentiation|snare_cooperativity|nachr_antagonism|glucl_potentiation,5,839.4258214110299,340.0,2.4688994747383233,False,0.0,0.0,0.0,0.0125,0.0625,0.19166666666666665,0.6041666666666667,0.8916666666666666
worm,gaba_potentiation|k2p_potentiation|nca_block|nachr_antagonism|glucl_potentiation,5,,340.0,,False,0.0,0.0,0.0,0.004166666666666667,0.004166666666666667,0.0125,0.07083333333333333,0.16249999999999998
worm,gaba_potentiation|complex_i_block|snare_cooperativity|nca_block|nachr_antagonism,5,503.6614844310918,340.0,1.4813573071502701,True,0.0,0.0,0.0,0.025,0.21666666666666665,0.4958333333333333,0.8916666666666668,0.9916666666666666
worm,gaba_potentiation|complex_i_block|snare_cooperativity|nca_block|glucl_potentiation,5,549.3975302563892,340.0,1.61587508898938,True,0.0,0.0,0.0,0.025,0.17083333333333334,0.4416666666666667,0.8708333333333333,0.9916666666666666
worm,gaba_potentiation|complex_i_block|snare_cooperativity|nachr_antagonism|glucl_potentiation,5,605.4964792081643,340.0,1.7808719976710714,True,0.0,0.0,0.0,0.016666666666666666,0.13333333333333333,0.3791666666666667,0.8166666666666667,0.9833333333333334
worm,gaba_potentiation|complex_i_block|nca_block|nachr_antagonism|glucl_potentiation,5,,340.0,,False,0.0,0.0,0.0,0.004166666666666667,0.0125,0.06666666666666667,0.17916666666666667,0.3666666666666667
worm,gaba_potentiation|snare_cooperativity|nca_block|nachr_antagonism|glucl_potentiation,5,760.8949701764841,340.0,2.237926382872012,False,0.0,0.0,0.0,0.0125,0.075,0.2375,0.6708333333333333,0.9208333333333334
worm,k2p_potentiation|complex_i_block|snare_cooperativity|nca_block|nachr_antagonism,5,494.8574267186841,340.0,1.4554630197608356,True,0.0,0.0,0.0,0.025,0.22083333333333335,0.5083333333333334,0.8916666666666666,0.9916666666666666
worm,k2p_potentiation|complex_i_block|snare_cooperativity|nca_block|glucl_potentiation,5,549.3975302563892,340.0,1.61587508898938,True,0.0,0.0,0.0,0.025,0.19583333333333336,0.4416666666666666,0.8708333333333333,0.9916666666666666
worm,k2p_potentiation|complex_i_block|snare_cooperativity|nachr_antagonism|glucl_potentiation,5,597.5547699852189,340.0,1.7575140293682907,True,0.0,0.0,0.0,0.025,0.14166666666666666,0.3875,0.825,0.9833333333333334
worm,k2p_potentiation|complex_i_block|nca_block|nachr_antagonism|glucl_potentiation,5,,340.0,,False,0.0,0.0,0.0,0.004166666666666667,0.016666666666666666,0.06666666666666667,0.1875,0.36666666666666664
worm,k2p_potentiation|snare_cooperativity|nca_block|nachr_antagonism|glucl_potentiation,5,740.2260104665127,340.0,2.1771353249015077,False,0.0,0.0,0.0,0.0125,0.07083333333333333,0.25,0.6916666666666667,0.9208333333333332
worm,complex_i_block|snare_cooperativity|nca_block|nachr_antagonism|glucl_potentiation,5,542.9201300049216,340.0,1.5968239117791811,True,0.0,0.0,0.0,0.029166666666666664,0.19166666666666668,0.45,0.8708333333333333,0.9916666666666666
worm,gaba_potentiation|k2p_potentiation|complex_i_block|snare_cooperativity|nca_block|nachr_antagonism,6,390.7304803455453,340.0,1.1492072951339567,True,0.0,0.0,0.0,0.058333333333333334,0.39583333333333337,0.7333333333333333,0.9625,1.0
worm,gaba_potentiation|k2p_potentiation|complex_i_block|snare_cooperativity|nca_block|glucl_potentiation,6,425.5453317448162,340.0,1.2516039168965183,True,0.0,0.0,0.0,0.03749999999999999,0.33333333333333337,0.6375,0.9541666666666668,1.0
worm,gaba_potentiation|k2p_potentiation|complex_i_block|snare_cooperativity|nachr_antagonism|glucl_potentiation,6,459.1752715526735,340.0,1.3505155045666868,True,0.0,0.0,0.0,0.03749999999999999,0.2875,0.5666666666666667,0.9333333333333333,0.9958333333333332
worm,gaba_potentiation|k2p_potentiation|complex_i_block|nca_block|nachr_antagonism|glucl_potentiation,6,1966.1338478579953,340.0,5.782746611347045,False,0.0,0.0,0.0,0.008333333333333333,0.06666666666666667,0.1625,0.3666666666666667,0.5833333333333333
worm,gaba_potentiation|k2p_potentiation|snare_cooperativity|nca_block|nachr_antagonism|glucl_potentiation,6,560.6019017856265,340.0,1.6488291228989016,True,0.0,0.0,0.0,0.025,0.1625,0.4291666666666667,0.8583333333333332,0.9875
worm,gaba_potentiation|complex_i_block|snare_cooperativity|nca_block|nachr_antagonism|glucl_potentiation,6,426.47355194311626,340.0,1.254333976303283,True,0.0,0.0,0.0,0.0375,0.3291666666666667,0.6375,0.9541666666666668,1.0
worm,k2p_potentiation|complex_i_block|snare_cooperativity|nca_block|nachr_antagonism|glucl_potentiation,6,417.4099904319992,340.0,1.2276764424470563,True,0.0,0.0,0.0,0.041666666666666664,0.33333333333333337,0.6708333333333333,0.95,1.0
worm,gaba_potentiation|k2p_potentiation|complex_i_block|snare_cooperativity|nca_block|nachr_antagonism|glucl_potentiation,7,356.46076484058966,340.0,1.0484140142370284,True,0.0,0.0,0.0,0.0875,0.4833333333333333,0.8083333333333333,0.9875,1.0
fly,gaba_potentiation,1,,340.0,,False,0.0,0.0,0.0,0.0,0.0,0.0,0.0,0.0
fly,k2p_potentiation,1,,340.0,,False,0.0,0.0,0.0,0.0,0.0,0.0,0.0,0.0
fly,complex_i_block,1,,340.0,,False,0.0,0.0,0.0,0.0,0.0,0.0,0.0,0.0
fly,snare_cooperativity,1,,340.0,,False,0.0,0.0,0.0,0.0,0.0,0.0,0.0,0.0
fly,nca_block,1,,340.0,,False,0.0,0.0,0.0,0.0,0.0,0.0,0.0,0.0
fly,nachr_antagonism,1,,340.0,,False,0.0,0.0,0.0,0.0,0.0,0.0,0.0,0.0
fly,glucl_potentiation,1,,340.0,,False,0.0,0.0,0.0,0.0,0.0,0.0,0.0,0.0
fly,gaba_potentiation|k2p_potentiation,2,,340.0,,False,0.0,0.0,0.0,0.0,0.0,0.0,0.0,0.0
fly,gaba_potentiation|complex_i_block,2,,340.0,,False,0.0,0.0,0.0,0.0,0.0,0.0,0.0,0.0
fly,gaba_potentiation|snare_cooperativity,2,,340.0,,False,0.0,0.0,0.0,0.0,0.0,0.0,0.0,0.0
fly,gaba_potentiation|nca_block,2,,340.0,,False,0.0,0.0,0.0,0.0,0.0,0.0,0.0,0.0
fly,gaba_potentiation|nachr_antagonism,2,,340.0,,False,0.0,0.0,0.0,0.0,0.0,0.0,0.0,0.0
fly,gaba_potentiation|glucl_potentiation,2,,340.0,,False,0.0,0.0,0.0,0.0,0.0,0.0,0.0,0.0
fly,k2p_potentiation|complex_i_block,2,,340.0,,False,0.0,0.0,0.0,0.0,0.0,0.0,0.0,0.0
fly,k2p_potentiation|snare_cooperativity,2,,340.0,,False,0.0,0.0,0.0,0.0,0.0,0.0,0.0,0.0
fly,k2p_potentiation|nca_block,2,,340.0,,False,0.0,0.0,0.0,0.0,0.0,0.0,0.0,0.0
fly,k2p_potentiation|nachr_antagonism,2,,340.0,,False,0.0,0.0,0.0,0.0,0.0,0.0,0.0,0.0
fly,k2p_potentiation|glucl_potentiation,2,,340.0,,False,0.0,0.0,0.0,0.0,0.0,0.0,0.0,0.0
fly,complex_i_block|snare_cooperativity,2,,340.0,,False,0.0,0.0,0.0,0.0,0.0,0.0,0.0,0.0
fly,complex_i_block|nca_block,2,,340.0,,False,0.0,0.0,0.0,0.0,0.0,0.0,0.0,0.0
fly,complex_i_block|nachr_antagonism,2,,340.0,,False,0.0,0.0,0.0,0.0,0.0,0.0,0.0,0.0
fly,complex_i_block|glucl_potentiation,2,,340.0,,False,0.0,0.0,0.0,0.0,0.0,0.0,0.0,0.0
fly,snare_cooperativity|nca_block,2,,340.0,,False,0.0,0.0,0.0,0.0,0.0,0.0,0.0,0.0
fly,snare_cooperativity|nachr_antagonism,2,,340.0,,False,0.0,0.0,0.0,0.0,0.0,0.0,0.0,0.0
fly,snare_cooperativity|glucl_potentiation,2,,340.0,,False,0.0,0.0,0.0,0.0,0.0,0.0,0.0,0.0
fly,nca_block|nachr_antagonism,2,,340.0,,False,0.0,0.0,0.0,0.0,0.0,0.0,0.0,0.0
fly,nca_block|glucl_potentiation,2,,340.0,,False,0.0,0.0,0.0,0.0,0.0,0.0,0.0,0.0
fly,nachr_antagonism|glucl_potentiation,2,,340.0,,False,0.0,0.0,0.0,0.0,0.0,0.0,0.0,0.0
fly,gaba_potentiation|k2p_potentiation|complex_i_block,3,,340.0,,False,0.0,0.0,0.0,0.0,0.0,0.0,0.0,0.004166666666666667
fly,gaba_potentiation|k2p_potentiation|snare_cooperativity,3,,340.0,,False,0.0,0.0,0.0,0.0,0.0,0.0,0.0,0.0
fly,gaba_potentiation|k2p_potentiation|nca_block,3,,340.0,,False,0.0,0.0,0.0,0.0,0.0,0.0,0.0,0.0
fly,gaba_potentiation|k2p_potentiation|nachr_antagonism,3,,340.0,,False,0.0,0.0,0.0,0.0,0.0,0.0,0.0,0.0
fly,gaba_potentiation|k2p_potentiation|glucl_potentiation,3,,340.0,,False,0.0,0.0,0.0,0.0,0.0,0.0,0.0,0.0
fly,gaba_potentiation|complex_i_block|snare_cooperativity,3,,340.0,,False,0.0,0.0,0.0,0.0,0.0,0.0,0.0,0.0
fly,gaba_potentiation|complex_i_block|nca_block,3,,340.0,,False,0.0,0.0,0.0,0.0,0.0,0.0,0.0,0.0375
fly,gaba_potentiation|complex_i_block|nachr_antagonism,3,,340.0,,False,0.0,0.0,0.0,0.0,0.0,0.0,0.0,0.004166666666666667
fly,gaba_potentiation|complex_i_block|glucl_potentiation,3,,340.0,,False,0.0,0.0,0.0,0.0,0.0,0.0,0.0,0.0
fly,gaba_potentiation|snare_cooperativity|nca_block,3,,340.0,,False,0.0,0.0,0.0,0.0,0.0,0.0,0.0,0.0
fly,gaba_potentiation|snare_cooperativity|nachr_antagonism,3,,340.0,,False,0.0,0.0,0.0,0.0,0.0,0.0,0.0,0.0
fly,gaba_potentiation|snare_cooperativity|glucl_potentiation,3,,340.0,,False,0.0,0.0,0.0,0.0,0.0,0.0,0.0,0.0
fly,gaba_potentiation|nca_block|nachr_antagonism,3,,340.0,,False,0.0,0.0,0.0,0.0,0.0,0.0,0.0,0.0
fly,gaba_potentiation|nca_block|glucl_potentiation,3,,340.0,,False,0.0,0.0,0.0,0.0,0.0,0.0,0.0,0.0
fly,gaba_potentiation|nachr_antagonism|glucl_potentiation,3,,340.0,,False,0.0,0.0,0.0,0.0,0.0,0.0,0.0,0.0
fly,k2p_potentiation|complex_i_block|snare_cooperativity,3,,340.0,,False,0.0,0.0,0.0,0.0,0.0,0.0,0.0,0.0
fly,k2p_potentiation|complex_i_block|nca_block,3,,340.0,,False,0.0,0.0,0.0,0.0,0.0,0.0,0.0,0.041666666666666664
fly,k2p_potentiation|complex_i_block|nachr_antagonism,3,,340.0,,False,0.0,0.0,0.0,0.0,0.0,0.0,0.0,0.004166666666666667
fly,k2p_potentiation|complex_i_block|glucl_potentiation,3,,340.0,,False,0.0,0.0,0.0,0.0,0.0,0.0,0.0,0.0
fly,k2p_potentiation|snare_cooperativity|nca_block,3,,340.0,,False,0.0,0.0,0.0,0.0,0.0,0.0,0.0,0.0
fly,k2p_potentiation|snare_cooperativity|nachr_antagonism,3,,340.0,,False,0.0,0.0,0.0,0.0,0.0,0.0,0.0,0.0
fly,k2p_potentiation|snare_cooperativity|glucl_potentiation,3,,340.0,,False,0.0,0.0,0.0,0.0,0.0,0.0,0.0,0.0
fly,k2p_potentiation|nca_block|nachr_antagonism,3,,340.0,,False,0.0,0.0,0.0,0.0,0.0,0.0,0.0,0.0
fly,k2p_potentiation|nca_block|glucl_potentiation,3,,340.0,,False,0.0,0.0,0.0,0.0,0.0,0.0,0.0,0.0
fly,k2p_potentiation|nachr_antagonism|glucl_potentiation,3,,340.0,,False,0.0,0.0,0.0,0.0,0.0,0.0,0.0,0.0
fly,complex_i_block|snare_cooperativity|nca_block,3,,340.0,,False,0.0,0.0,0.0,0.0,0.0,0.0,0.0,0.008333333333333333
fly,complex_i_block|snare_cooperativity|nachr_antagonism,3,,340.0,,False,0.0,0.0,0.0,0.0,0.0,0.0,0.0,0.0
fly,complex_i_block|snare_cooperativity|glucl_potentiation,3,,340.0,,False,0.0,0.0,0.0,0.0,0.0,0.0,0.0,0.0
fly,complex_i_block|nca_block|nachr_antagonism,3,,340.0,,False,0.0,0.0,0.0,0.0,0.0,0.0,0.0,0.041666666666666664
fly,complex_i_block|nca_block|glucl_potentiation,3,,340.0,,False,0.0,0.0,0.0,0.0,0.0,0.0,0.0,0.004166666666666667
fly,complex_i_block|nachr_antagonism|glucl_potentiation,3,,340.0,,False,0.0,0.0,0.0,0.0,0.0,0.0,0.0,0.0
fly,snare_cooperativity|nca_block|nachr_antagonism,3,,340.0,,False,0.0,0.0,0.0,0.0,0.0,0.0,0.0,0.0
fly,snare_cooperativity|nca_block|glucl_potentiation,3,,340.0,,False,0.0,0.0,0.0,0.0,0.0,0.0,0.0,0.0
fly,snare_cooperativity|nachr_antagonism|glucl_potentiation,3,,340.0,,False,0.0,0.0,0.0,0.0,0.0,0.0,0.0,0.0
fly,nca_block|nachr_antagonism|glucl_potentiation,3,,340.0,,False,0.0,0.0,0.0,0.0,0.0,0.0,0.0,0.0
fly,gaba_potentiation|k2p_potentiation|complex_i_block|snare_cooperativity,4,,340.0,,False,0.0,0.0,0.0,0.0,0.0,0.0,0.0125,0.20833333333333331
fly,gaba_potentiation|k2p_potentiation|complex_i_block|nca_block,4,2215.02595089689,340.0,6.514782208520265,False,0.0,0.0,0.0,0.0,0.0,0.0,0.09583333333333334,0.6541666666666667
fly,gaba_potentiation|k2p_potentiation|complex_i_block|nachr_antagonism,4,,340.0,,False,0.0,0.0,0.0,0.0,0.0,0.0,0.029166666666666664,0.3791666666666667
fly,gaba_potentiation|k2p_potentiation|complex_i_block|glucl_potentiation,4,,340.0,,False,0.0,0.0,0.0,0.0,0.0,0.0,0.004166666666666667,0.15416666666666667
fly,gaba_potentiation|k2p_potentiation|snare_cooperativity|nca_block,4,,340.0,,False,0.0,0.0,0.0,0.0,0.0,0.0,0.0,0.004166666666666667
fly,gaba_potentiation|k2p_potentiation|snare_cooperativity|nachr_antagonism,4,,340.0,,False,0.0,0.0,0.0,0.0,0.0,0.0,0.0,0.0
fly,gaba_potentiation|k2p_potentiation|snare_cooperativity|glucl_potentiation,4,,340.0,,False,0.0,0.0,0.0,0.0,0.0,0.0,0.0,0.0
fly,gaba_potentiation|k2p_potentiation|nca_block|nachr_antagonism,4,,340.0,,False,0.0,0.0,0.0,0.0,0.0,0.0,0.0,0.03333333333333333
fly,gaba_potentiation|k2p_potentiation|nca_block|glucl_potentiation,4,,340.0,,False,0.0,0.0,0.0,0.0,0.0,0.0,0.0,0.0
fly,gaba_potentiation|k2p_potentiation|nachr_antagonism|glucl_potentiation,4,,340.0,,False,0.0,0.0,0.0,0.0,0.0,0.0,0.0,0.0
fly,gaba_potentiation|complex_i_block|snare_cooperativity|nca_block,4,,340.0,,False,0.0,0.0,0.0,0.0,0.0,0.0,0.04583333333333333,0.4666666666666667
fly,gaba_potentiation|complex_i_block|snare_cooperativity|nachr_antagonism,4,,340.0,,False,0.0,0.0,0.0,0.0,0.0,0.0,0.008333333333333333,0.2
fly,gaba_potentiation|complex_i_block|snare_cooperativity|glucl_potentiation,4,,340.0,,False,0.0,0.0,0.0,0.0,0.0,0.0,0.0,0.05833333333333333
fly,gaba_potentiation|complex_i_block|nca_block|nachr_antagonism,4,2238.148612162882,340.0,6.582790035773182,False,0.0,0.0,0.0,0.0,0.0,0.0,0.0875,0.65
fly,gaba_potentiation|complex_i_block|nca_block|glucl_potentiation,4,,340.0,,False,0.0,0.0,0.0,0.0,0.0,0.0,0.025,0.3458333333333333
fly,gaba_potentiation|complex_i_block|nachr_antagonism|glucl_potentiation,4,,340.0,,False,0.0,0.0,0.0,0.0,0.0,0.0,0.0,0.14583333333333334
fly,gaba_potentiation|snare_cooperativity|nca_block|nachr_antagonism,4,,340.0,,False,0.0,0.0,0.0,0.0,0.0,0.0,0.0,0.004166666666666667
fly,gaba_potentiation|snare_cooperativity|nca_block|glucl_potentiation,4,,340.0,,False,0.0,0.0,0.0,0.0,0.0,0.0,0.0,0.0
fly,gaba_potentiation|snare_cooperativity|nachr_antagonism|glucl_potentiation,4,,340.0,,False,0.0,0.0,0.0,0.0,0.0,0.0,0.0,0.0
fly,gaba_potentiation|nca_block|nachr_antagonism|glucl_potentiation,4,,340.0,,False,0.0,0.0,0.0,0.0,0.0,0.0,0.0,0.0
fly,k2p_potentiation|complex_i_block|snare_cooperativity|nca_block,4,,340.0,,False,0.0,0.0,0.0,0.0,0.0,0.0,0.06666666666666667,0.4916666666666667
fly,k2p_potentiation|complex_i_block|snare_cooperativity|nachr_antagonism,4,,340.0,,False,0.0,0.0,0.0,0.0,0.0,0.0,0.0125,0.21666666666666665
fly,k2p_potentiation|complex_i_block|snare_cooperativity|glucl_potentiation,4,,340.0,,False,0.0,0.0,0.0,0.0,0.0,0.0,0.0,0.0625
fly,k2p_potentiation|complex_i_block|nca_block|nachr_antagonism,4,2166.4665804187525,340.0,6.37196053064339,False,0.0,0.0,0.0,0.0,0.0,0.0,0.10416666666666667,0.6666666666666667
fly,k2p_potentiation|complex_i_block|nca_block|glucl_potentiation,4,,340.0,,False,0.0,0.0,0.0,0.0,0.0,0.0,0.029166666666666664,0.37083333333333335
fly,k2p_potentiation|complex_i_block|nachr_antagonism|glucl_potentiation,4,,340.0,,False,0.0,0.0,0.0,0.0,0.0,0.0,0.004166666666666667,0.15416666666666665
fly,k2p_potentiation|snare_cooperativity|nca_block|nachr_antagonism,4,,340.0,,False,0.0,0.0,0.0,0.0,0.0,0.0,0.0,0.008333333333333333
fly,k2p_potentiation|snare_cooperativity|nca_block|glucl_potentiation,4,,340.0,,False,0.0,0.0,0.0,0.0,0.0,0.0,0.0,0.0
fly,k2p_potentiation|snare_cooperativity|nachr_antagonism|glucl_potentiation,4,,340.0,,False,0.0,0.0,0.0,0.0,0.0,0.0,0.0,0.0
fly,k2p_potentiation|nca_block|nachr_antagonism|glucl_potentiation,4,,340.0,,False,0.0,0.0,0.0,0.0,0.0,0.0,0.0,0.0
fly,complex_i_block|snare_cooperativity|nca_block|nachr_antagonism,4,,340.0,,False,0.0,0.0,0.0,0.0,0.0,0.0,0.05416666666666666,0.4875000000000001
fly,complex_i_block|snare_cooperativity|nca_block|glucl_potentiation,4,,340.0,,False,0.0,0.0,0.0,0.0,0.0,0.0,0.008333333333333333,0.2
fly,complex_i_block|snare_cooperativity|nachr_antagonism|glucl_potentiation,4,,340.0,,False,0.0,0.0,0.0,0.0,0.0,0.0,0.0,0.05833333333333333
fly,complex_i_block|nca_block|nachr_antagonism|glucl_potentiation,4,,340.0,,False,0.0,0.0,0.0,0.0,0.0,0.0,0.025,0.35416666666666663
fly,snare_cooperativity|nca_block|nachr_antagonism|glucl_potentiation,4,,340.0,,False,0.0,0.0,0.0,0.0,0.0,0.0,0.0,0.0
fly,gaba_potentiation|k2p_potentiation|complex_i_block|snare_cooperativity|nca_block,5,889.3167296869626,340.0,2.6156374402557723,False,0.0,0.0,0.0,0.0,0.0,0.049999999999999996,0.5916666666666667,0.9708333333333334
fly,gaba_potentiation|k2p_potentiation|complex_i_block|snare_cooperativity|nachr_antagonism,5,1352.437771299194,340.0,3.9777581508799824,False,0.0,0.0,0.0,0.0,0.0,0.020833333333333332,0.35,0.8958333333333334
fly,gaba_potentiation|k2p_potentiation|complex_i_block|snare_cooperativity|glucl_potentiation,5,1923.8349318000785,340.0,5.658338034706113,False,0.0,0.0,0.0,0.0,0.0,0.0,0.1625,0.7291666666666666
fly,gaba_potentiation|k2p_potentiation|complex_i_block|nca_block|nachr_antagonism,5,787.7687843550174,340.0,2.316967012808875,False,0.0,0.0,0.0,0.0,0.0,0.07916666666666666,0.7208333333333334,0.9958333333333333
fly,gaba_potentiation|k2p_potentiation|complex_i_block|nca_block|glucl_potentiation,5,1105.9515840971278,340.0,3.2527987767562583,False,0.0,0.0,0.0,0.0,0.0,0.024999999999999998,0.4541666666666666,0.9541666666666666
fly,gaba_potentiation|k2p_potentiation|complex_i_block|nachr_antagonism|glucl_potentiation,5,1528.507306509365,340.0,4.495609725027544,False,0.0,0.0,0.0,0.0,0.0,0.004166666666666667,0.26666666666666666,0.8708333333333333
fly,gaba_potentiation|k2p_potentiation|snare_cooperativity|nca_block|nachr_antagonism,5,,340.0,,False,0.0,0.0,0.0,0.0,0.0,0.0,0.04583333333333333,0.4541666666666666
fly,gaba_potentiation|k2p_potentiation|snare_cooperativity|nca_block|glucl_potentiation,5,,340.0,,False,0.0,0.0,0.0,0.0,0.0,0.0,0.004166666666666667,0.19166666666666668
fly,gaba_potentiation|k2p_potentiation|snare_cooperativity|nachr_antagonism|glucl_potentiation,5,,340.0,,False,0.0,0.0,0.0,0.0,0.0,0.0,0.0,0.05416666666666666
fly,gaba_potentiation|k2p_potentiation|nca_block|nachr_antagonism|glucl_potentiation,5,,340.0,,False,0.0,0.0,0.0,0.0,0.0,0.0,0.024999999999999998,0.32499999999999996
fly,gaba_potentiation|complex_i_block|snare_cooperativity|nca_block|nachr_antagonism,5,897.3545375015535,340.0,2.6392780514751575,False,0.0,0.0,0.0,0.0,0.0,0.049999999999999996,0.5833333333333333,0.9708333333333334
fly,gaba_potentiation|complex_i_block|snare_cooperativity|nca_block|glucl_potentiation,5,1457.0991379916165,340.0,4.285585699975343,False,0.0,0.0,0.0,0.0,0.0,0.004166666666666667,0.2958333333333333,0.8916666666666666
fly,gaba_potentiation|complex_i_block|snare_cooperativity|nachr_antagonism|glucl_potentiation,5,1980.9588192005476,340.0,5.826349468236905,False,0.0,0.0,0.0,0.0,0.0,0.0,0.15,0.7125000000000001
fly,gaba_potentiation|complex_i_block|nca_block|nachr_antagonism|glucl_potentiation,5,1124.1927739901053,340.0,3.3064493352650155,False,0.0,0.0,0.0,0.0,0.0,0.020833333333333332,0.4458333333333333,0.9541666666666666
fly,gaba_potentiation|snare_cooperativity|nca_block|nachr_antagonism|glucl_potentiation,5,,340.0,,False,0.0,0.0,0.0,0.0,0.0,0.0,0.004166666666666667,0.19166666666666668
fly,k2p_potentiation|complex_i_block|snare_cooperativity|nca_block|nachr_antagonism,5,859.7296022520105,340.0,2.528616477211796,False,0.0,0.0,0.0,0.0,0.0,0.06666666666666667,0.6208333333333333,0.975
fly,k2p_potentiation|complex_i_block|snare_cooperativity|nca_block|glucl_potentiation,5,1376.7771476257678,340.0,4.049344551840494,False,0.0,0.0,0.0,0.0,0.0,0.016666666666666666,0.3375,0.8958333333333334
fly,k2p_potentiation|complex_i_block|snare_cooperativity|nachr_antagonism|glucl_potentiation,5,1877.772923887149,340.0,5.5228615408445565,False,0.0,0.0,0.0,0.0,0.0,0.0,0.17500000000000002,0.7416666666666666
fly,k2p_potentiation|complex_i_block|nca_block|nachr_antagonism|glucl_potentiation,5,1019.9920325212936,340.0,2.999976566239099,False,0.0,0.0,0.0,0.0,0.0,0.025,0.4916666666666667,0.9541666666666666
fly,k2p_potentiation|snare_cooperativity|nca_block|nachr_antagonism|glucl_potentiation,5,,340.0,,False,0.0,0.0,0.0,0.0,0.0,0.0,0.008333333333333333,0.19583333333333333
fly,complex_i_block|snare_cooperativity|nca_block|nachr_antagonism|glucl_potentiation,5,1400.460130997448,340.0,4.119000385286612,False,0.0,0.0,0.0,0.0,0.0,0.008333333333333333,0.32499999999999996,0.8958333333333334
fly,gaba_potentiation|k2p_potentiation|complex_i_block|snare_cooperativity|nca_block|nachr_antagonism,6,573.7847620807748,340.0,1.6876022414140437,True,0.0,0.0,0.0,0.0,0.0625,0.38333333333333336,0.9708333333333334,1.0
fly,gaba_potentiation|k2p_potentiation|complex_i_block|snare_cooperativity|nca_block|glucl_potentiation,6,673.7582928624392,340.0,1.9816420378307036,True,0.0,0.0,0.0,0.0,0.0125,0.20416666666666666,0.8916666666666666,1.0
fly,gaba_potentiation|k2p_potentiation|complex_i_block|snare_cooperativity|nachr_antagonism|glucl_potentiation,6,736.2574378534488,340.0,2.1654630525101433,False,0.0,0.0,0.0,0.0,0.0,0.12083333333333332,0.8,1.0
fly,gaba_potentiation|k2p_potentiation|complex_i_block|nca_block|nachr_antagonism|glucl_potentiation,6,625.4564617426687,340.0,1.8395778286549078,True,0.0,0.0,0.0,0.0,0.025,0.2833333333333333,0.9541666666666666,1.0
fly,gaba_potentiation|k2p_potentiation|snare_cooperativity|nca_block|nachr_antagonism|glucl_potentiation,6,1483.7490388682972,340.0,4.363967761377345,False,0.0,0.0,0.0,0.0,0.0,0.004166666666666667,0.2875,0.8791666666666667
fly,gaba_potentiation|complex_i_block|snare_cooperativity|nca_block|nachr_antagonism|glucl_potentiation,6,681.6290953855894,340.0,2.0047914570164393,False,0.0,0.0,0.0,0.0,0.0125,0.18333333333333335,0.8916666666666666,1.0
fly,k2p_potentiation|complex_i_block|snare_cooperativity|nca_block|nachr_antagonism|glucl_potentiation,6,659.193081542982,340.0,1.9388031810087705,True,0.0,0.0,0.0,0.0,0.029166666666666667,0.22916666666666666,0.9083333333333334,1.0
fly,gaba_potentiation|k2p_potentiation|complex_i_block|snare_cooperativity|nca_block|nachr_antagonism|glucl_potentiation,7,425.36587060306334,340.0,1.2510760900090099,True,0.0,0.0,0.0,0.0,0.18333333333333335,0.7625,1.0,1.0
mouse,gaba_potentiation,1,,350.0,,False,0.0,0.0,0.0,0.0,0.0,0.0,0.0,0.0
mouse,k2p_potentiation,1,,350.0,,False,0.0,0.0,0.0,0.0,0.0,0.0,0.0,0.0
mouse,complex_i_block,1,,350.0,,False,0.0,0.0,0.0,0.0,0.0,0.0,0.0,0.0
mouse,snare_cooperativity,1,,350.0,,False,0.0,0.0,0.0,0.0,0.0,0.0,0.0,0.0
mouse,nca_block,1,,350.0,,False,0.0,0.0,0.0,0.0,0.0,0.0,0.0,0.0
mouse,nachr_antagonism,1,,350.0,,False,0.0,0.0,0.0,0.0,0.0,0.0,0.0,0.0
mouse,gaba_potentiation|k2p_potentiation,2,,350.0,,False,0.0,0.0,0.0,0.0,0.0,0.0,0.0,0.0
mouse,gaba_potentiation|complex_i_block,2,,350.0,,False,0.0,0.0,0.0,0.0,0.0,0.0,0.004166666666666667,0.020833333333333332
mouse,gaba_potentiation|snare_cooperativity,2,,350.0,,False,0.0,0.0,0.0,0.0,0.0,0.0,0.0,0.0
mouse,gaba_potentiation|nca_block,2,,350.0,,False,0.0,0.0,0.0,0.0,0.0,0.0,0.0,0.0
mouse,gaba_potentiation|nachr_antagonism,2,,350.0,,False,0.0,0.0,0.0,0.0,0.0,0.0,0.0,0.0
mouse,k2p_potentiation|complex_i_block,2,,350.0,,False,0.0,0.0,0.0,0.0,0.0,0.0,0.004166666666666667,0.020833333333333332
mouse,k2p_potentiation|snare_cooperativity,2,,350.0,,False,0.0,0.0,0.0,0.0,0.0,0.0,0.0,0.0
mouse,k2p_potentiation|nca_block,2,,350.0,,False,0.0,0.0,0.0,0.0,0.0,0.0,0.0,0.0
mouse,k2p_potentiation|nachr_antagonism,2,,350.0,,False,0.0,0.0,0.0,0.0,0.0,0.0,0.0,0.0
mouse,complex_i_block|snare_cooperativity,2,,350.0,,False,0.0,0.0,0.0,0.0,0.0,0.0,0.0,0.0
mouse,complex_i_block|nca_block,2,,350.0,,False,0.0,0.0,0.0,0.0,0.0,0.0,0.016666666666666666,0.10833333333333332
mouse,complex_i_block|nachr_antagonism,2,,350.0,,False,0.0,0.0,0.0,0.0,0.0,0.0,0.004166666666666667,0.020833333333333332
mouse,snare_cooperativity|nca_block,2,,350.0,,False,0.0,0.0,0.0,0.0,0.0,0.0,0.0,0.0
mouse,snare_cooperativity|nachr_antagonism,2,,350.0,,False,0.0,0.0,0.0,0.0,0.0,0.0,0.0,0.0
mouse,nca_block|nachr_antagonism,2,,350.0,,False,0.0,0.0,0.0,0.0,0.0,0.0,0.0,0.0
mouse,gaba_potentiation|k2p_potentiation|complex_i_block,3,2672.378473348186,350.0,7.635367066709104,False,0.0,0.0,0.0,0.0,0.0,0.016666666666666666,0.14583333333333331,0.5416666666666667
mouse,gaba_potentiation|k2p_potentiation|snare_cooperativity,3,,350.0,,False,0.0,0.0,0.0,0.0,0.0,0.0,0.0,0.0
mouse,gaba_potentiation|k2p_potentiation|nca_block,3,,350.0,,False,0.0,0.0,0.0,0.0,0.0,0.0,0.0125,0.1
mouse,gaba_potentiation|k2p_potentiation|nachr_antagonism,3,,350.0,,False,0.0,0.0,0.0,0.0,0.0,0.0,0.004166666666666667,0.020833333333333332
mouse,gaba_potentiation|complex_i_block|snare_cooperativity,3,,350.0,,False,0.0,0.0,0.0,0.0,0.0,0.0,0.004166666666666667,0.029166666666666667
mouse,gaba_potentiation|complex_i_block|nca_block,3,1672.0151956937673,350.0,4.777186273410764,False,0.0,0.0,0.0,0.0,0.004166666666666667,0.020833333333333332,0.2875,0.7416666666666666
mouse,gaba_potentiation|complex_i_block|nachr_antagonism,3,2717.567510807211,350.0,7.764478602306317,False,0.0,0.0,0.0,0.0,0.0,0.0125,0.12083333333333335,0.5375
mouse,gaba_potentiation|snare_cooperativity|nca_block,3,,350.0,,False,0.0,0.0,0.0,0.0,0.0,0.0,0.0,0.0
mouse,gaba_potentiation|snare_cooperativity|nachr_antagonism,3,,350.0,,False,0.0,0.0,0.0,0.0,0.0,0.0,0.0,0.0
mouse,gaba_potentiation|nca_block|nachr_antagonism,3,,350.0,,False,0.0,0.0,0.0,0.0,0.0,0.0,0.0125,0.1
mouse,k2p_potentiation|complex_i_block|snare_cooperativity,3,,350.0,,False,0.0,0.0,0.0,0.0,0.0,0.0,0.004166666666666667,0.0375
mouse,k2p_potentiation|complex_i_block|nca_block,3,1591.6918493876035,350.0,4.547690998250296,False,0.0,0.0,0.0,0.0,0.004166666666666667,0.03333333333333333,0.3166666666666667,0.7499999999999999
mouse,k2p_potentiation|complex_i_block|nachr_antagonism,3,2599.489380499607,350.0,7.427112515713162,False,0.0,0.0,0.0,0.0,0.004166666666666667,0.020833333333333332,0.16666666666666669,0.55
mouse,k2p_potentiation|snare_cooperativity|nca_block,3,,350.0,,False,0.0,0.0,0.0,0.0,0.0,0.0,0.0,0.004166666666666667
mouse,k2p_potentiation|snare_cooperativity|nachr_antagonism,3,,350.0,,False,0.0,0.0,0.0,0.0,0.0,0.0,0.0,0.0
mouse,k2p_potentiation|nca_block|nachr_antagonism,3,,350.0,,False,0.0,0.0,0.0,0.0,0.0,0.0,0.0125,0.1
mouse,complex_i_block|snare_cooperativity|nca_block,3,,350.0,,False,0.0,0.0,0.0,0.0,0.0,0.004166666666666667,0.020833333333333332,0.13333333333333333
mouse,complex_i_block|snare_cooperativity|nachr_antagonism,3,,350.0,,False,0.0,0.0,0.0,0.0,0.0,0.0,0.004166666666666667,0.03333333333333333
mouse,complex_i_block|nca_block|nachr_antagonism,3,1608.594934454351,350.0,4.595985527012432,False,0.0,0.0,0.0,0.0,0.004166666666666667,0.03333333333333333,0.3125,0.7458333333333333
mouse,snare_cooperativity|nca_block|nachr_antagonism,3,,350.0,,False,0.0,0.0,0.0,0.0,0.0,0.0,0.0,0.0
mouse,gaba_potentiation|k2p_potentiation|complex_i_block|snare_cooperativity,4,2386.277758145612,350.0,6.817936451844606,False,0.0,0.0,0.0,0.0,0.004166666666666667,0.016666666666666666,0.18333333333333332,0.5833333333333333
mouse,gaba_potentiation|k2p_potentiation|complex_i_block|nca_block,4,623.3791546424453,350.0,1.781083298978415,True,0.0,0.0,0.0,0.0,0.0875,0.325,0.875,0.9958333333333332
mouse,gaba_potentiation|k2p_potentiation|complex_i_block|nachr_antagonism,4,732.6424005675344,350.0,2.093264001621527,False,0.0,0.0,0.0,0.0,0.03333333333333333,0.20833333333333334,0.7375,0.975
mouse,gaba_potentiation|k2p_potentiation|snare_cooperativity|nca_block,4,,350.0,,False,0.0,0.0,0.0,0.0,0.0,0.0,0.0125,0.12916666666666668
mouse,gaba_potentiation|k2p_potentiation|snare_cooperativity|nachr_antagonism,4,,350.0,,False,0.0,0.0,0.0,0.0,0.0,0.0,0.004166666666666667,0.029166666666666667
mouse,gaba_potentiation|k2p_potentiation|nca_block|nachr_antagonism,4,1706.5265242680575,350.0,4.875790069337307,False,0.0,0.0,0.0,0.0,0.004166666666666667,0.020833333333333332,0.275,0.7375
mouse,gaba_potentiation|complex_i_block|snare_cooperativity|nca_block,4,1521.1553526904372,350.0,4.346158150544106,False,0.0,0.0,0.0,0.0,0.004166666666666667,0.03333333333333333,0.325,0.7833333333333333
mouse,gaba_potentiation|complex_i_block|snare_cooperativity|nachr_antagonism,4,2456.8120621188737,350.0,7.019463034625353,False,0.0,0.0,0.0,0.0,0.004166666666666667,0.0125,0.16250000000000003,0.575
mouse,gaba_potentiation|complex_i_block|nca_block|nachr_antagonism,4,634.4205684846056,350.0,1.8126301956703017,True,0.0,0.0,0.0,0.0,0.0625,0.3125,0.8583333333333332,0.9958333333333332
mouse,gaba_potentiation|snare_cooperativity|nca_block|nachr_antagonism,4,,350.0,,False,0.0,0.0,0.0,0.0,0.0,0.0,0.0125,0.12083333333333335
mouse,k2p_potentiation|complex_i_block|snare_cooperativity|nca_block,4,1426.7988771197874,350.0,4.07656822034225,False,0.0,0.0,0.0,0.0,0.004166666666666667,0.041666666666666664,0.3625,0.7874999999999999
mouse,k2p_potentiation|complex_i_block|snare_cooperativity|nachr_antagonism,4,2254.601172360983,350.0,6.441717635317095,False,0.0,0.0,0.0,0.0,0.004166666666666667,0.020833333333333332,0.19166666666666668,0.6083333333333333
mouse,k2p_potentiation|complex_i_block|nca_block|nachr_antagonism,4,605.2447441190775,350.0,1.7292706974830785,True,0.0,0.0,0.0,0.0,0.09999999999999999,0.35416666666666663,0.8833333333333332,0.9958333333333332
mouse,k2p_potentiation|snare_cooperativity|nca_block|nachr_antagonism,4,,350.0,,False,0.0,0.0,0.0,0.0,0.0,0.0,0.016666666666666666,0.13333333333333333
mouse,complex_i_block|snare_cooperativity|nca_block|nachr_antagonism,4,1457.4190106630256,350.0,4.164054316180073,False,0.0,0.0,0.0,0.0,0.004166666666666667,0.03749999999999999,0.35,0.7875
mouse,gaba_potentiation|k2p_potentiation|complex_i_block|snare_cooperativity|nca_block,5,608.0483975500874,350.0,1.7372811358573927,True,0.0,0.0,0.0,0.004166666666666667,0.10416666666666666,0.35416666666666663,0.8708333333333333,1.0
mouse,gaba_potentiation|k2p_potentiation|complex_i_block|snare_cooperativity|nachr_antagonism,5,713.0128586820705,350.0,2.037179596234487,False,0.0,0.0,0.0,0.0,0.03749999999999999,0.23333333333333334,0.7541666666666667,0.9791666666666666
mouse,gaba_potentiation|k2p_potentiation|complex_i_block|nca_block|nachr_antagonism,5,375.01537105135066,350.0,1.0714724887181448,True,0.0,0.0,0.0,0.020833333333333332,0.425,0.8125,1.0,1.0
mouse,gaba_potentiation|k2p_potentiation|snare_cooperativity|nca_block|nachr_antagonism,5,1583.1549887533283,350.0,4.523299967866652,False,0.0,0.0,0.0,0.0,0.004166666666666667,0.029166666666666667,0.30833333333333335,0.7666666666666667
mouse,gaba_potentiation|complex_i_block|snare_cooperativity|nca_block|nachr_antagonism,5,617.2813034467688,350.0,1.763660866990768,True,0.0,0.0,0.0,0.004166666666666667,0.0875,0.3416666666666667,0.8625,1.0
mouse,k2p_potentiation|complex_i_block|snare_cooperativity|nca_block|nachr_antagonism,5,577.6763484361362,350.0,1.650503852674675,True,0.0,0.0,0.0,0.004166666666666667,0.1125,0.39583333333333337,0.8958333333333334,1.0
mouse,gaba_potentiation|k2p_potentiation|complex_i_block|snare_cooperativity|nca_block|nachr_antagonism,6,366.8551975180307,350.0,1.0481577071943735,True,0.0,0.0,0.0,0.020833333333333332,0.45,0.8291666666666666,1.0,1.0
