anesthetic,cmd_rate,dose_uM,organism,perm,qf,seed
halothane,6.51125,10.0,worm,P1_ER,0.0,331
halothane,6.67,10.0,worm,P1_ER,0.0,219
halothane,4.6775,30.0,worm,P1_ER,0.04,219
halothane,6.4525,10.0,worm,P1_ER,0.0,137
halothane,6.545,10.0,worm,P1_ER,0.0,443
halothane,4.7725,30.0,worm,P1_ER,0.05,42
halothane,4.36625,30.0,worm,P1_ER,0.07,137
halothane,6.625,10.0,worm,P1_ER,0.0,42
halothane,1.73875,100.0,worm,P1_ER,0.96,42
halothane,4.62,30.0,worm,P1_ER,0.12,443
halothane,1.63875,100.0,worm,P1_ER,0.99,137
halothane,1.85625,100.0,worm,P1_ER,0.97,219
halothane,4.595,30.0,worm,P1_ER,0.05,331
halothane,1.7275,100.0,worm,P1_ER,0.93,331
halothane,1.7575,100.0,worm,P1_ER,0.99,443
halothane,0.8475,200.0,worm,P1_ER,1.0,42
halothane,0.8525,200.0,worm,P1_ER,1.0,219
halothane,0.77125,200.0,worm,P1_ER,1.0,137
halothane,0.77375,200.0,worm,P1_ER,1.0,331
halothane,0.765,200.0,worm,P1_ER,1.0,443
halothane,0.5075,300.0,worm,P1_ER,1.0,219
halothane,0.4475,300.0,worm,P1_ER,1.0,137
halothane,0.48625,300.0,worm,P1_ER,1.0,42
halothane,0.445,300.0,worm,P1_ER,1.0,331
halothane,0.4275,300.0,worm,P1_ER,1.0,443
halothane,0.26375,500.0,worm,P1_ER,1.0,42
halothane,0.25875,500.0,worm,P1_ER,1.0,219
halothane,0.2475,500.0,worm,P1_ER,1.0,331
halothane,0.2225,500.0,worm,P1_ER,1.0,443
halothane,0.255,500.0,worm,P1_ER,1.0,137
halothane,0.11,1000.0,worm,P1_ER,1.0,42
halothane,0.11625,1000.0,worm,P1_ER,1.0,137
halothane,0.1225,1000.0,worm,P1_ER,1.0,331
halothane,0.11625,1000.0,worm,P1_ER,1.0,219
halothane,0.05375,3000.0,worm,P1_ER,1.0,42
halothane,0.0925,1000.0,worm,P1_ER,1.0,443
halothane,0.04375,3000.0,worm,P1_ER,1.0,137
halothane,0.04875,3000.0,worm,P1_ER,1.0,219
halothane,0.04,3000.0,worm,P1_ER,1.0,331
halothane,0.0425,3000.0,worm,P1_ER,1.0,443
cis_12_dichloroethylene,6.715,30.0,worm,P1_ER,0.0,42
cis_12_dichloroethylene,6.65875,30.0,worm,P1_ER,0.0,137
cis_12_dichloroethylene,6.72875,30.0,worm,P1_ER,0.0,219
cis_12_dichloroethylene,4.865,100.0,worm,P1_ER,0.05,42
cis_12_dichloroethylene,6.61,30.0,worm,P1_ER,0.0,331
cis_12_dichloroethylene,6.69,30.0,worm,P1_ER,0.0,443
cis_12_dichloroethylene,4.29125,100.0,worm,P1_ER,0.09,137
cis_12_dichloroethylene,4.68,100.0,worm,P1_ER,0.06,219
cis_12_dichloroethylene,4.695,100.0,worm,P1_ER,0.05,331
cis_12_dichloroethylene,2.0875,300.0,worm,P1_ER,0.88,42
cis_12_dichloroethylene,4.59875,100.0,worm,P1_ER,0.12,443
cis_12_dichloroethylene,1.91,300.0,worm,P1_ER,0.94,137
cis_12_dichloroethylene,1.99375,300.0,worm,P1_ER,0.87,331
cis_12_dichloroethylene,2.0325,300.0,worm,P1_ER,0.89,443
cis_12_dichloroethylene,2.12375,300.0,worm,P1_ER,0.85,219
cis_12_dichloroethylene,0.61625,1000.0,worm,P1_ER,1.0,42
cis_12_dichloroethylene,0.56625,1000.0,worm,P1_ER,1.0,137
cis_12_dichloroethylene,0.57,1000.0,worm,P1_ER,1.0,443
cis_12_dichloroethylene,0.6475,1000.0,worm,P1_ER,1.0,219
cis_12_dichloroethylene,0.5625,1000.0,worm,P1_ER,1.0,331
cis_12_dichloroethylene,0.23625,3000.0,worm,P1_ER,1.0,42
cis_12_dichloroethylene,0.25375,3000.0,worm,P1_ER,1.0,219
cis_12_dichloroethylene,0.22625,3000.0,worm,P1_ER,1.0,137
cis_12_dichloroethylene,0.23,3000.0,worm,P1_ER,1.0,331
cis_12_dichloroethylene,0.20625,3000.0,worm,P1_ER,1.0,443
cis_12_dichloroethylene,0.13875,10000.0,worm,P1_ER,1.0,42
cis_12_dichloroethylene,0.1325,10000.0,worm,P1_ER,1.0,137
cis_12_dichloroethylene,0.1375,10000.0,worm,P1_ER,1.0,331
cis_12_dichloroethylene,0.105,10000.0,worm,P1_ER,1.0,443
cis_12_dichloroethylene,0.115,30000.0,worm,P1_ER,1.0,42
cis_12_dichloroethylene,0.135,10000.0,worm,P1_ER,1.0,219
cis_12_dichloroethylene,0.10375,30000.0,worm,P1_ER,1.0,137
cis_12_dichloroethylene,0.1125,30000.0,worm,P1_ER,1.0,219
cis_12_dichloroethylene,0.1125,30000.0,worm,P1_ER,1.0,331
cis_12_dichloroethylene,0.0875,30000.0,worm,P1_ER,1.0,443
trans_12_dichloroethylene,7.7975,30.0,worm,P1_ER,0.0,137
trans_12_dichloroethylene,7.795,30.0,worm,P1_ER,0.0,331
trans_12_dichloroethylene,7.93,30.0,worm,P1_ER,0.0,219
trans_12_dichloroethylene,8.06,30.0,worm,P1_ER,0.0,42
trans_12_dichloroethylene,7.805,30.0,worm,P1_ER,0.0,443
trans_12_dichloroethylene,7.83125,100.0,worm,P1_ER,0.0,42
trans_12_dichloroethylene,7.7225,100.0,worm,P1_ER,0.0,137
trans_12_dichloroethylene,7.90375,100.0,worm,P1_ER,0.0,219
trans_12_dichloroethylene,7.78125,100.0,worm,P1_ER,0.0,331
trans_12_dichloroethylene,7.84875,100.0,worm,P1_ER,0.0,443
trans_12_dichloroethylene,7.65625,300.0,worm,P1_ER,0.0,42
trans_12_dichloroethylene,7.66125,300.0,worm,P1_ER,0.0,331
trans_12_dichloroethylene,7.52375,300.0,worm,P1_ER,0.0,137
trans_12_dichloroethylene,7.6875,300.0,worm,P1_ER,0.0,443
trans_12_dichloroethylene,7.75375,300.0,worm,P1_ER,0.0,219
trans_12_dichloroethylene,7.3725,1000.0,worm,P1_ER,0.0,42
trans_12_dichloroethylene,7.05375,1000.0,worm,P1_ER,0.0,137
trans_12_dichloroethylene,7.2375,1000.0,worm,P1_ER,0.0,219
trans_12_dichloroethylene,7.28625,1000.0,worm,P1_ER,0.0,331
trans_12_dichloroethylene,7.26,1000.0,worm,P1_ER,0.0,443
trans_12_dichloroethylene,6.36375,3000.0,worm,P1_ER,0.0,137
trans_12_dichloroethylene,6.5775,3000.0,worm,P1_ER,0.0,331
trans_12_dichloroethylene,6.36875,3000.0,worm,P1_ER,0.0,443
trans_12_dichloroethylene,5.935,10000.0,worm,P1_ER,0.0,42
trans_12_dichloroethylene,6.5125,3000.0,worm,P1_ER,0.0,42
trans_12_dichloroethylene,6.555,3000.0,worm,P1_ER,0.0,219
trans_12_dichloroethylene,5.81625,10000.0,worm,P1_ER,0.01,219
trans_12_dichloroethylene,5.84125,10000.0,worm,P1_ER,0.02,331
trans_12_dichloroethylene,5.5625,30000.0,worm,P1_ER,0.01,42
trans_12_dichloroethylene,5.8025,10000.0,worm,P1_ER,0.01,443
trans_12_dichloroethylene,5.25875,30000.0,worm,P1_ER,0.03,137
trans_12_dichloroethylene,5.625,10000.0,worm,P1_ER,0.0,137
hexafluoroethane,8.05625,30.0,worm,P1_ER,0.0,42
trans_12_dichloroethylene,5.4325,30000.0,worm,P1_ER,0.04,443
trans_12_dichloroethylene,5.4675,30000.0,worm,P1_ER,0.01,219
trans_12_dichloroethylene,5.35875,30000.0,worm,P1_ER,0.03,331
hexafluoroethane,7.7875,30.0,worm,P1_ER,0.0,137
hexafluoroethane,7.91625,30.0,worm,P1_ER,0.0,219
hexafluoroethane,7.88625,30.0,worm,P1_ER,0.0,331
hexafluoroethane,7.87875,100.0,worm,P1_ER,0.0,219
hexafluoroethane,7.725,100.0,worm,P1_ER,0.0,137
hexafluoroethane,7.755,100.0,worm,P1_ER,0.0,331
hexafluoroethane,7.73125,100.0,worm,P1_ER,0.0,443
hexafluoroethane,8.015,100.0,worm,P1_ER,0.0,42
hexafluoroethane,7.7775,300.0,worm,P1_ER,0.0,42
hexafluoroethane,7.8675,30.0,worm,P1_ER,0.0,443
hexafluoroethane,7.595,300.0,worm,P1_ER,0.0,137
hexafluoroethane,7.72875,300.0,worm,P1_ER,0.0,331
hexafluoroethane,7.78625,300.0,worm,P1_ER,0.0,219
hexafluoroethane,7.66375,300.0,worm,P1_ER,0.0,443
hexafluoroethane,7.255,1000.0,worm,P1_ER,0.0,137
hexafluoroethane,7.55875,1000.0,worm,P1_ER,0.0,331
hexafluoroethane,7.4425,1000.0,worm,P1_ER,0.0,443
hexafluoroethane,7.5575,1000.0,worm,P1_ER,0.0,219
hexafluoroethane,7.56375,1000.0,worm,P1_ER,0.0,42
hexafluoroethane,6.76125,3000.0,worm,P1_ER,0.0,42
hexafluoroethane,6.74375,3000.0,worm,P1_ER,0.01,137
hexafluoroethane,6.995,3000.0,worm,P1_ER,0.0,219
hexafluoroethane,7.075,3000.0,worm,P1_ER,0.0,331
hexafluoroethane,6.24375,10000.0,worm,P1_ER,0.0,42
hexafluoroethane,5.83625,10000.0,worm,P1_ER,0.01,137
hexafluoroethane,6.7275,3000.0,worm,P1_ER,0.0,443
hexafluoroethane,6.07625,10000.0,worm,P1_ER,0.0,331
hexafluoroethane,6.05,10000.0,worm,P1_ER,0.0,443
hexafluoroethane,5.725,30000.0,worm,P1_ER,0.01,42
hexafluoroethane,5.3475,30000.0,worm,P1_ER,0.01,137
hexafluoroethane,6.1175,10000.0,worm,P1_ER,0.0,219
hexafluoroethane,5.6225,30000.0,worm,P1_ER,0.01,219
hexafluoroethane,5.5275,30000.0,worm,P1_ER,0.03,331
hexafluoroethane,5.445,30000.0,worm,P1_ER,0.02,443
halothane,1.7156838905775076,10.0,fly,P1_ER,0.0,42
halothane,1.6993617021276592,10.0,fly,P1_ER,0.0,219
halothane,1.707446808510638,10.0,fly,P1_ER,0.0,331
halothane,1.5890577507598784,30.0,fly,P1_ER,0.0,137
halothane,1.696808510638298,10.0,fly,P1_ER,0.0,137
halothane,1.606382978723404,30.0,fly,P1_ER,0.0,42
halothane,1.5937386018237079,30.0,fly,P1_ER,0.0,219
halothane,1.7014589665653492,10.0,fly,P1_ER,0.0,443
halothane,1.60161094224924,30.0,fly,P1_ER,0.0,331
halothane,1.596960486322188,30.0,fly,P1_ER,0.0,443
halothane,1.3557446808510638,100.0,fly,P1_ER,0.0,42
halothane,1.3508814589665652,100.0,fly,P1_ER,0.0,331
halothane,1.3384802431610945,100.0,fly,P1_ER,0.0,137
halothane,1.3457142857142859,100.0,fly,P1_ER,0.0,219
halothane,1.1629179331306991,200.0,fly,P1_ER,0.0,42
halothane,1.3511246200607903,100.0,fly,P1_ER,0.0,443
halothane,1.1451367781155015,200.0,fly,P1_ER,0.0,137
halothane,1.1551975683890578,200.0,fly,P1_ER,0.0,219
halothane,1.1567173252279634,200.0,fly,P1_ER,0.0,331
halothane,1.1606990881458965,200.0,fly,P1_ER,0.0,443
halothane,1.033677811550152,300.0,fly,P1_ER,0.3,137
halothane,1.051671732522796,300.0,fly,P1_ER,0.14,42
halothane,1.044741641337386,300.0,fly,P1_ER,0.21,219
halothane,1.0498784194528878,300.0,fly,P1_ER,0.16,443
halothane,0.9255623100303951,500.0,fly,P1_ER,0.94,42
halothane,1.0476595744680852,300.0,fly,P1_ER,0.19,331
halothane,0.9204863221884498,500.0,fly,P1_ER,0.9,219
halothane,0.915531914893617,500.0,fly,P1_ER,0.92,137
halothane,0.9284194528875379,500.0,fly,P1_ER,0.95,443
halothane,0.8020364741641337,1000.0,fly,P1_ER,1.0,42
halothane,0.9227051671732523,500.0,fly,P1_ER,0.96,331
halothane,0.7929179331306989,1000.0,fly,P1_ER,1.0,137
halothane,0.7989969604863221,1000.0,fly,P1_ER,1.0,219
halothane,0.8019756838905775,1000.0,fly,P1_ER,1.0,331
halothane,0.8064741641337387,1000.0,fly,P1_ER,1.0,443
halothane,0.7014893617021278,3000.0,fly,P1_ER,1.0,42
halothane,0.6934650455927052,3000.0,fly,P1_ER,1.0,137
halothane,0.7009422492401217,3000.0,fly,P1_ER,1.0,331
halothane,0.6946504559270515,3000.0,fly,P1_ER,1.0,219
halothane,0.7006382978723404,3000.0,fly,P1_ER,1.0,443
cis_12_dichloroethylene,1.7150151975683892,30.0,fly,P1_ER,0.0,42
cis_12_dichloroethylene,1.695987841945289,30.0,fly,P1_ER,0.0,137
cis_12_dichloroethylene,1.699088145896656,30.0,fly,P1_ER,0.0,219
cis_12_dichloroethylene,1.7074164133738605,30.0,fly,P1_ER,0.0,331
cis_12_dichloroethylene,1.7002735562310034,30.0,fly,P1_ER,0.0,443
cis_12_dichloroethylene,1.589696048632219,100.0,fly,P1_ER,0.0,42
cis_12_dichloroethylene,1.5742249240121584,100.0,fly,P1_ER,0.0,137
cis_12_dichloroethylene,1.5786018237082067,100.0,fly,P1_ER,0.0,219
cis_12_dichloroethylene,1.5853799392097263,100.0,fly,P1_ER,0.0,331
cis_12_dichloroethylene,1.5827355623100305,100.0,fly,P1_ER,0.0,443
cis_12_dichloroethylene,1.3631306990881455,300.0,fly,P1_ER,0.0,42
cis_12_dichloroethylene,1.3457750759878422,300.0,fly,P1_ER,0.0,137
cis_12_dichloroethylene,1.3535866261398177,300.0,fly,P1_ER,0.0,219
cis_12_dichloroethylene,1.3574468085106384,300.0,fly,P1_ER,0.0,331
cis_12_dichloroethylene,1.3583890577507598,300.0,fly,P1_ER,0.0,443
cis_12_dichloroethylene,1.053465045592705,1000.0,fly,P1_ER,0.15,42
cis_12_dichloroethylene,1.035744680851064,1000.0,fly,P1_ER,0.31,137
cis_12_dichloroethylene,1.0465349544072948,1000.0,fly,P1_ER,0.21,219
cis_12_dichloroethylene,1.050273556231003,1000.0,fly,P1_ER,0.17,331
cis_12_dichloroethylene,1.0523708206686928,1000.0,fly,P1_ER,0.17,443
cis_12_dichloroethylene,0.8557446808510639,3000.0,fly,P1_ER,1.0,42
cis_12_dichloroethylene,0.8423404255319149,3000.0,fly,P1_ER,1.0,137
cis_12_dichloroethylene,0.8527355623100304,3000.0,fly,P1_ER,1.0,331
cis_12_dichloroethylene,0.8485410334346504,3000.0,fly,P1_ER,1.0,219
cis_12_dichloroethylene,0.856079027355623,3000.0,fly,P1_ER,1.0,443
cis_12_dichloroethylene,0.759209726443769,10000.0,fly,P1_ER,1.0,42
cis_12_dichloroethylene,0.7509726443768997,10000.0,fly,P1_ER,1.0,137
cis_12_dichloroethylene,0.7535562310030397,10000.0,fly,P1_ER,1.0,219
cis_12_dichloroethylene,0.7593920972644377,10000.0,fly,P1_ER,1.0,331
cis_12_dichloroethylene,0.7617021276595745,10000.0,fly,P1_ER,1.0,443
cis_12_dichloroethylene,0.7290881458966565,30000.0,fly,P1_ER,1.0,42
cis_12_dichloroethylene,0.7202431610942248,30000.0,fly,P1_ER,1.0,137
cis_12_dichloroethylene,0.7232826747720366,30000.0,fly,P1_ER,1.0,219
cis_12_dichloroethylene,0.7279331306990882,30000.0,fly,P1_ER,1.0,331
cis_12_dichloroethylene,0.7291185410334345,30000.0,fly,P1_ER,1.0,443
trans_12_dichloroethylene,1.775227963525836,30.0,fly,P1_ER,0.0,42
trans_12_dichloroethylene,1.7570820668693008,30.0,fly,P1_ER,0.0,137
trans_12_dichloroethylene,1.761641337386018,30.0,fly,P1_ER,0.0,219
trans_12_dichloroethylene,1.7703951367781159,30.0,fly,P1_ER,0.0,331
trans_12_dichloroethylene,1.7600303951367777,30.0,fly,P1_ER,0.0,443
trans_12_dichloroethylene,1.7703343465045591,100.0,fly,P1_ER,0.0,42
trans_12_dichloroethylene,1.7525835866261397,100.0,fly,P1_ER,0.0,137
trans_12_dichloroethylene,1.7568693009118541,100.0,fly,P1_ER,0.0,219
trans_12_dichloroethylene,1.7650759878419455,100.0,fly,P1_ER,0.0,331
trans_12_dichloroethylene,1.7554407294832826,100.0,fly,P1_ER,0.0,443
trans_12_dichloroethylene,1.7575379939209728,300.0,fly,P1_ER,0.0,42
trans_12_dichloroethylene,1.7401215805471124,300.0,fly,P1_ER,0.0,137
trans_12_dichloroethylene,1.7436778115501517,300.0,fly,P1_ER,0.0,219
trans_12_dichloroethylene,1.7523100303951364,300.0,fly,P1_ER,0.0,331
trans_12_dichloroethylene,1.7429787234042555,300.0,fly,P1_ER,0.0,443
trans_12_dichloroethylene,1.7247720364741639,1000.0,fly,P1_ER,0.0,42
trans_12_dichloroethylene,1.707446808510638,1000.0,fly,P1_ER,0.0,137
trans_12_dichloroethylene,1.7093920972644374,1000.0,fly,P1_ER,0.0,219
trans_12_dichloroethylene,1.7182066869300914,1000.0,fly,P1_ER,0.0,331
trans_12_dichloroethylene,1.710851063829787,1000.0,fly,P1_ER,0.0,443
trans_12_dichloroethylene,1.673677811550152,3000.0,fly,P1_ER,0.0,42
trans_12_dichloroethylene,1.654164133738602,3000.0,fly,P1_ER,0.0,137
trans_12_dichloroethylene,1.6578115501519752,3000.0,fly,P1_ER,0.0,219
trans_12_dichloroethylene,1.667841945288754,3000.0,fly,P1_ER,0.0,331
trans_12_dichloroethylene,1.6606079027355625,3000.0,fly,P1_ER,0.0,443
trans_12_dichloroethylene,1.6182674772036476,10000.0,fly,P1_ER,0.0,42
trans_12_dichloroethylene,1.6010942249240123,10000.0,fly,P1_ER,0.0,137
trans_12_dichloroethylene,1.6046808510638297,10000.0,fly,P1_ER,0.0,219
trans_12_dichloroethylene,1.6093009118541033,10000.0,fly,P1_ER,0.0,443
trans_12_dichloroethylene,1.5910030395136778,30000.0,fly,P1_ER,0.0,42
trans_12_dichloroethylene,1.6134346504559272,10000.0,fly,P1_ER,0.0,331
trans_12_dichloroethylene,1.5759270516717325,30000.0,fly,P1_ER,0.0,137
trans_12_dichloroethylene,1.579696048632219,30000.0,fly,P1_ER,0.0,219
trans_12_dichloroethylene,1.5858966565349544,30000.0,fly,P1_ER,0.0,331
trans_12_dichloroethylene,1.5827355623100303,30000.0,fly,P1_ER,0.0,443
hexafluoroethane,1.7762613981762916,30.0,fly,P1_ER,0.0,42
hexafluoroethane,1.7578723404255316,30.0,fly,P1_ER,0.0,137
hexafluoroethane,1.762370820668693,30.0,fly,P1_ER,0.0,219
hexafluoroethane,1.7607598784194527,30.0,fly,P1_ER,0.0,443
hexafluoroethane,1.7731610942249239,100.0,fly,P1_ER,0.0,42
hexafluoroethane,1.7553495440729483,100.0,fly,P1_ER,0.0,137
hexafluoroethane,1.7712765957446812,30.0,fly,P1_ER,0.0,331
hexafluoroethane,1.7598176291793315,100.0,fly,P1_ER,0.0,219
hexafluoroethane,1.7680851063829786,100.0,fly,P1_ER,0.0,331
hexafluoroethane,1.7582370820668694,100.0,fly,P1_ER,0.0,443
hexafluoroethane,1.7650455927051671,300.0,fly,P1_ER,0.0,42
hexafluoroethane,1.747173252279635,300.0,fly,P1_ER,0.0,137
hexafluoroethane,1.7508814589665656,300.0,fly,P1_ER,0.0,443
hexafluoroethane,1.759756838905775,300.0,fly,P1_ER,0.0,331
hexafluoroethane,1.7426443768996958,1000.0,fly,P1_ER,0.0,42
hexafluoroethane,1.7516717325227964,300.0,fly,P1_ER,0.0,219
hexafluoroethane,1.724924012158055,1000.0,fly,P1_ER,0.0,137
hexafluoroethane,1.7271428571428573,1000.0,fly,P1_ER,0.0,219
hexafluoroethane,1.7358054711246202,1000.0,fly,P1_ER,0.0,331
hexafluoroethane,1.7272644376899695,1000.0,fly,P1_ER,0.0,443
hexafluoroethane,1.6996352583586627,3000.0,fly,P1_ER,0.0,42
hexafluoroethane,1.6802127659574466,3000.0,fly,P1_ER,0.0,137
hexafluoroethane,1.6836170212765957,3000.0,fly,P1_ER,0.0,219
hexafluoroethane,1.6387841945288755,10000.0,fly,P1_ER,0.0,42
hexafluoroethane,1.693130699088146,3000.0,fly,P1_ER,0.0,331
hexafluoroethane,1.6856838905775071,3000.0,fly,P1_ER,0.0,443
hexafluoroethane,1.6207598784194528,10000.0,fly,P1_ER,0.0,137
hexafluoroethane,1.6247720364741645,10000.0,fly,P1_ER,0.0,219
hexafluoroethane,1.6327051671732524,10000.0,fly,P1_ER,0.0,331
hexafluoroethane,1.628328267477204,10000.0,fly,P1_ER,0.0,443
halothane,18.7275,10.0,worm,P2_config,0.0,42
hexafluoroethane,1.6008814589665656,30000.0,fly,P1_ER,0.0,42
halothane,18.2175,10.0,worm,P2_config,0.0,137
halothane,18.87375,10.0,worm,P2_config,0.0,219
hexafluoroethane,1.584924012158055,30000.0,fly,P1_ER,0.0,137
hexafluoroethane,1.5959270516717328,30000.0,fly,P1_ER,0.0,331
halothane,18.465,10.0,worm,P2_config,0.0,443
hexafluoroethane,1.588662613981763,30000.0,fly,P1_ER,0.0,219
halothane,14.9675,30.0,worm,P2_config,0.0,42
halothane,18.17125,10.0,worm,P2_config,0.0,331
halothane,13.72625,30.0,worm,P2_config,0.0,137
hexafluoroethane,1.5935562310030398,30000.0,fly,P1_ER,0.0,443
halothane,15.265,30.0,worm,P2_config,0.0,219
halothane,14.15,30.0,worm,P2_config,0.0,331
halothane,6.9125,100.0,worm,P2_config,0.05,42
halothane,14.37625,30.0,worm,P2_config,0.0,443
halothane,6.33,100.0,worm,P2_config,0.04,137
halothane,6.66,100.0,worm,P2_config,0.03,331
halothane,2.64375,200.0,worm,P2_config,0.63,42
halothane,6.6425,100.0,worm,P2_config,0.03,219
halothane,2.51625,200.0,worm,P2_config,0.65,137
halothane,2.47375,200.0,worm,P2_config,0.65,219
halothane,2.60125,200.0,worm,P2_config,0.65,331
halothane,2.4425,200.0,worm,P2_config,0.7,443
halothane,6.56,100.0,worm,P2_config,0.01,443
halothane,1.25625,300.0,worm,P2_config,0.96,42
halothane,1.1575,300.0,worm,P2_config,1.0,137
halothane,1.195,300.0,worm,P2_config,0.97,331
halothane,1.145,300.0,worm,P2_config,0.98,443
halothane,0.59125,500.0,worm,P2_config,1.0,42
halothane,0.5075,500.0,worm,P2_config,1.0,137
halothane,1.1525,300.0,worm,P2_config,0.99,219
halothane,0.49625,500.0,worm,P2_config,1.0,219
halothane,0.50875,500.0,worm,P2_config,1.0,443
halothane,0.47,500.0,worm,P2_config,1.0,331
halothane,0.2,1000.0,worm,P2_config,1.0,219
halothane,0.23625,1000.0,worm,P2_config,1.0,443
halothane,0.09,3000.0,worm,P2_config,1.0,42
halothane,0.20625,1000.0,worm,P2_config,1.0,42
halothane,0.1775,1000.0,worm,P2_config,1.0,137
halothane,0.1825,1000.0,worm,P2_config,1.0,331
halothane,0.0825,3000.0,worm,P2_config,1.0,137
halothane,0.08125,3000.0,worm,P2_config,1.0,219
halothane,0.08,3000.0,worm,P2_config,1.0,331
halothane,0.09125,3000.0,worm,P2_config,1.0,443
cis_12_dichloroethylene,19.03375,30.0,worm,P2_config,0.0,42
cis_12_dichloroethylene,18.575,30.0,worm,P2_config,0.0,443
cis_12_dichloroethylene,14.7875,100.0,worm,P2_config,0.0,42
cis_12_dichloroethylene,14.04,100.0,worm,P2_config,0.0,137
cis_12_dichloroethylene,15.095,100.0,worm,P2_config,0.0,219
cis_12_dichloroethylene,18.4175,30.0,worm,P2_config,0.0,137
cis_12_dichloroethylene,18.30875,30.0,worm,P2_config,0.0,331
cis_12_dichloroethylene,19.09625,30.0,worm,P2_config,0.0,219
cis_12_dichloroethylene,14.02375,100.0,worm,P2_config,0.0,331
cis_12_dichloroethylene,14.3425,100.0,worm,P2_config,0.0,443
cis_12_dichloroethylene,8.02,300.0,worm,P2_config,0.01,42
cis_12_dichloroethylene,7.9575,300.0,worm,P2_config,0.0,219
cis_12_dichloroethylene,7.78,300.0,worm,P2_config,0.02,331
cis_12_dichloroethylene,7.62375,300.0,worm,P2_config,0.01,443
cis_12_dichloroethylene,1.76,1000.0,worm,P2_config,0.89,137
cis_12_dichloroethylene,7.46,300.0,worm,P2_config,0.0,137
cis_12_dichloroethylene,1.82,1000.0,worm,P2_config,0.86,219
cis_12_dichloroethylene,1.93,1000.0,worm,P2_config,0.82,331
cis_12_dichloroethylene,1.91125,1000.0,worm,P2_config,0.81,42
cis_12_dichloroethylene,1.72875,1000.0,worm,P2_config,0.84,443
cis_12_dichloroethylene,0.55,3000.0,worm,P2_config,1.0,42
cis_12_dichloroethylene,0.495,3000.0,worm,P2_config,1.0,137
cis_12_dichloroethylene,0.5275,3000.0,worm,P2_config,1.0,219
cis_12_dichloroethylene,0.53125,3000.0,worm,P2_config,0.99,443
cis_12_dichloroethylene,0.27875,10000.0,worm,P2_config,1.0,42
cis_12_dichloroethylene,0.245,10000.0,worm,P2_config,1.0,219
cis_12_dichloroethylene,0.48,3000.0,worm,P2_config,1.0,331
cis_12_dichloroethylene,0.21,10000.0,worm,P2_config,1.0,331
cis_12_dichloroethylene,0.27125,10000.0,worm,P2_config,1.0,443
cis_12_dichloroethylene,0.21625,30000.0,worm,P2_config,1.0,42
cis_12_dichloroethylene,0.2225,10000.0,worm,P2_config,1.0,137
cis_12_dichloroethylene,0.17125,30000.0,worm,P2_config,1.0,137
cis_12_dichloroethylene,0.19625,30000.0,worm,P2_config,1.0,219
cis_12_dichloroethylene,0.1775,30000.0,worm,P2_config,1.0,331
trans_12_dichloroethylene,20.57625,30.0,worm,P2_config,0.0,42
trans_12_dichloroethylene,20.2975,30.0,worm,P2_config,0.0,137
trans_12_dichloroethylene,21.3725,30.0,worm,P2_config,0.0,219
cis_12_dichloroethylene,0.2125,30000.0,worm,P2_config,1.0,443
trans_12_dichloroethylene,20.62625,30.0,worm,P2_config,0.0,443
trans_12_dichloroethylene,20.45,100.0,worm,P2_config,0.0,42
trans_12_dichloroethylene,20.2975,30.0,worm,P2_config,0.0,331
trans_12_dichloroethylene,20.23125,100.0,worm,P2_config,0.0,137
trans_12_dichloroethylene,21.07875,100.0,worm,P2_config,0.0,219
trans_12_dichloroethylene,20.1425,100.0,worm,P2_config,0.0,331
trans_12_dichloroethylene,20.33125,100.0,worm,P2_config,0.0,443
trans_12_dichloroethylene,19.5275,300.0,worm,P2_config,0.0,137
trans_12_dichloroethylene,20.65625,300.0,worm,P2_config,0.0,219
trans_12_dichloroethylene,19.8375,300.0,worm,P2_config,0.0,443
trans_12_dichloroethylene,20.4775,300.0,worm,P2_config,0.0,42
trans_12_dichloroethylene,19.44375,1000.0,worm,P2_config,0.0,42
trans_12_dichloroethylene,19.08875,1000.0,worm,P2_config,0.0,137
trans_12_dichloroethylene,19.7125,1000.0,worm,P2_config,0.0,219
trans_12_dichloroethylene,18.91125,1000.0,worm,P2_config,0.0,331
trans_12_dichloroethylene,19.675,300.0,worm,P2_config,0.0,331
trans_12_dichloroethylene,19.1625,1000.0,worm,P2_config,0.0,443
trans_12_dichloroethylene,18.15,3000.0,worm,P2_config,0.0,42
trans_12_dichloroethylene,18.38,3000.0,worm,P2_config,0.0,219
trans_12_dichloroethylene,17.4475,3000.0,worm,P2_config,0.0,331
trans_12_dichloroethylene,17.73875,3000.0,worm,P2_config,0.0,443
trans_12_dichloroethylene,16.7625,10000.0,worm,P2_config,0.0,42
trans_12_dichloroethylene,17.6675,3000.0,worm,P2_config,0.0,137
trans_12_dichloroethylene,17.025,10000.0,worm,P2_config,0.0,219
trans_12_dichloroethylene,16.20125,10000.0,worm,P2_config,0.0,331
trans_12_dichloroethylene,16.56,10000.0,worm,P2_config,0.0,443
trans_12_dichloroethylene,16.45625,10000.0,worm,P2_config,0.0,137
trans_12_dichloroethylene,16.02625,30000.0,worm,P2_config,0.0,42
trans_12_dichloroethylene,15.6075,30000.0,worm,P2_config,0.0,137
trans_12_dichloroethylene,16.3275,30000.0,worm,P2_config,0.0,219
trans_12_dichloroethylene,15.80875,30000.0,worm,P2_config,0.0,443
hexafluoroethane,20.6025,30.0,worm,P2_config,0.0,42
hexafluoroethane,20.37375,30.0,worm,P2_config,0.0,137
hexafluoroethane,20.25625,30.0,worm,P2_config,0.0,331
trans_12_dichloroethylene,15.35,30000.0,worm,P2_config,0.0,331
hexafluoroethane,20.63375,30.0,worm,P2_config,0.0,443
hexafluoroethane,20.58125,100.0,worm,P2_config,0.0,42
hexafluoroethane,20.2175,100.0,worm,P2_config,0.0,137
hexafluoroethane,21.39125,30.0,worm,P2_config,0.0,219
hexafluoroethane,21.29125,100.0,worm,P2_config,0.0,219
hexafluoroethane,20.26875,100.0,worm,P2_config,0.0,331
hexafluoroethane,20.61875,100.0,worm,P2_config,0.0,443
hexafluoroethane,19.89625,300.0,worm,P2_config,0.0,137
hexafluoroethane,20.99875,300.0,worm,P2_config,0.0,219
hexafluoroethane,19.92625,300.0,worm,P2_config,0.0,331
hexafluoroethane,20.69125,300.0,worm,P2_config,0.0,42
hexafluoroethane,19.2975,1000.0,worm,P2_config,0.0,137
hexafluoroethane,20.2825,1000.0,worm,P2_config,0.0,42
hexafluoroethane,20.2275,1000.0,worm,P2_config,0.0,219
hexafluoroethane,19.8,300.0,worm,P2_config,0.0,443
hexafluoroethane,19.36625,1000.0,worm,P2_config,0.0,443
hexafluoroethane,19.17625,1000.0,worm,P2_config,0.0,331
hexafluoroethane,18.73,3000.0,worm,P2_config,0.0,42
hexafluoroethane,19.0375,3000.0,worm,P2_config,0.0,219
hexafluoroethane,18.33,3000.0,worm,P2_config,0.0,331
hexafluoroethane,18.625,3000.0,worm,P2_config,0.0,443
hexafluoroethane,18.2425,3000.0,worm,P2_config,0.0,137
hexafluoroethane,16.845,10000.0,worm,P2_config,0.0,137
hexafluoroethane,17.53375,10000.0,worm,P2_config,0.0,219
hexafluoroethane,16.75,10000.0,worm,P2_config,0.0,331
hexafluoroethane,17.36625,10000.0,worm,P2_config,0.0,42
hexafluoroethane,17.0325,10000.0,worm,P2_config,0.0,443
hexafluoroethane,16.36625,30000.0,worm,P2_config,0.0,42
hexafluoroethane,15.82875,30000.0,worm,P2_config,0.0,137
hexafluoroethane,15.5525,30000.0,worm,P2_config,0.0,331
hexafluoroethane,15.93375,30000.0,worm,P2_config,0.0,443
hexafluoroethane,16.6525,30000.0,worm,P2_config,0.0,219
halothane,1.784407294832827,10.0,fly,P2_config,0.0,42
halothane,1.781580547112462,10.0,fly,P2_config,0.0,219
halothane,1.7816109422492403,10.0,fly,P2_config,0.0,443
halothane,1.7847720364741642,10.0,fly,P2_config,0.0,331
halothane,1.649209726443769,30.0,fly,P2_config,0.0,137
halothane,1.6635866261398176,30.0,fly,P2_config,0.0,42
halothane,1.7742857142857138,10.0,fly,P2_config,0.0,137
halothane,1.6603343465045592,30.0,fly,P2_config,0.0,219
halothane,1.6626747720364738,30.0,fly,P2_config,0.0,331
halothane,1.6628875379939214,30.0,fly,P2_config,0.0,443
halothane,1.389787234042553,100.0,fly,P2_config,0.0,42
halothane,1.3740729483282674,100.0,fly,P2_config,0.0,137
halothane,1.3810334346504558,100.0,fly,P2_config,0.0,219
halothane,1.3906079027355625,100.0,fly,P2_config,0.0,331
halothane,1.161398176291793,200.0,fly,P2_config,0.0,137
halothane,1.3847720364741638,100.0,fly,P2_config,0.0,443
halothane,1.1768693009118543,200.0,fly,P2_config,0.0,219
halothane,1.1782978723404256,200.0,fly,P2_config,0.0,331
halothane,1.1803039513677813,200.0,fly,P2_config,0.01,443
halothane,1.0622796352583586,300.0,fly,P2_config,0.12,42
halothane,1.0486322188449848,300.0,fly,P2_config,0.17,137
halothane,1.1782066869300913,200.0,fly,P2_config,0.0,42
halothane,1.0580547112462007,300.0,fly,P2_config,0.16,219
halothane,1.0624316109422494,300.0,fly,P2_config,0.17,443
halothane,0.9343768996960488,500.0,fly,P2_config,0.91,42
halothane,0.9221884498480244,500.0,fly,P2_config,0.92,137
halothane,0.9304863221884497,500.0,fly,P2_config,0.89,219
halothane,0.9314589665653498,500.0,fly,P2_config,0.94,331
halothane,1.0617021276595744,300.0,fly,P2_config,0.12,331
halothane,0.9333434650455926,500.0,fly,P2_config,0.88,443
halothane,0.8082370820668694,1000.0,fly,P2_config,1.0,42
halothane,0.7990881458966566,1000.0,fly,P2_config,1.0,137
halothane,0.8050759878419452,1000.0,fly,P2_config,1.0,219
halothane,0.8082978723404256,1000.0,fly,P2_config,1.0,331
halothane,0.7045896656534952,3000.0,fly,P2_config,1.0,42
halothane,0.8076595744680852,1000.0,fly,P2_config,1.0,443
halothane,0.6951063829787235,3000.0,fly,P2_config,1.0,137
halothane,0.7050151975683892,3000.0,fly,P2_config,1.0,331
halothane,0.7045592705167174,3000.0,fly,P2_config,1.0,443
cis_12_dichloroethylene,1.784255319148936,30.0,fly,P2_config,0.0,42
cis_12_dichloroethylene,1.7743465045592703,30.0,fly,P2_config,0.0,137
cis_12_dichloroethylene,1.781398176291793,30.0,fly,P2_config,0.0,219
cis_12_dichloroethylene,1.7846504559270517,30.0,fly,P2_config,0.0,331
halothane,0.701337386018237,3000.0,fly,P2_config,1.0,219
cis_12_dichloroethylene,1.6474468085106386,100.0,fly,P2_config,0.0,42
cis_12_dichloroethylene,1.6325835866261393,100.0,fly,P2_config,0.0,137
cis_12_dichloroethylene,1.6421580547112458,100.0,fly,P2_config,0.0,219
cis_12_dichloroethylene,1.6469300911854106,100.0,fly,P2_config,0.0,331
cis_12_dichloroethylene,1.6478115501519754,100.0,fly,P2_config,0.0,443
cis_12_dichloroethylene,1.4001823708206687,300.0,fly,P2_config,0.0,42
cis_12_dichloroethylene,1.781519756838906,30.0,fly,P2_config,0.0,443
cis_12_dichloroethylene,1.3845896656534955,300.0,fly,P2_config,0.0,137
cis_12_dichloroethylene,1.399726443768997,300.0,fly,P2_config,0.0,331
cis_12_dichloroethylene,1.3908814589665655,300.0,fly,P2_config,0.0,219
cis_12_dichloroethylene,1.3948024316109424,300.0,fly,P2_config,0.0,443
cis_12_dichloroethylene,1.0675379939209726,1000.0,fly,P2_config,0.11,42
cis_12_dichloroethylene,1.05370820668693,1000.0,fly,P2_config,0.15,137
cis_12_dichloroethylene,1.0659574468085107,1000.0,fly,P2_config,0.12,331
cis_12_dichloroethylene,1.0645896656534957,1000.0,fly,P2_config,0.12,219
cis_12_dichloroethylene,0.8641945288753797,3000.0,fly,P2_config,0.99,42
cis_12_dichloroethylene,0.8533130699088146,3000.0,fly,P2_config,1.0,137
cis_12_dichloroethylene,0.8598784194528878,3000.0,fly,P2_config,0.99,219
cis_12_dichloroethylene,0.8611550151975684,3000.0,fly,P2_config,1.0,331
cis_12_dichloroethylene,0.86370820668693,3000.0,fly,P2_config,1.0,443
cis_12_dichloroethylene,1.0675683890577508,1000.0,fly,P2_config,0.13,443
cis_12_dichloroethylene,0.7651671732522797,10000.0,fly,P2_config,1.0,42
cis_12_dichloroethylene,0.7625531914893618,10000.0,fly,P2_config,1.0,219
cis_12_dichloroethylene,0.7662613981762917,10000.0,fly,P2_config,1.0,331
cis_12_dichloroethylene,0.7653799392097264,10000.0,fly,P2_config,1.0,443
cis_12_dichloroethylene,0.7560790273556232,10000.0,fly,P2_config,1.0,137
cis_12_dichloroethylene,0.7346808510638299,30000.0,fly,P2_config,1.0,42
cis_12_dichloroethylene,0.72419452887538,30000.0,fly,P2_config,1.0,137
cis_12_dichloroethylene,0.734741641337386,30000.0,fly,P2_config,1.0,331
cis_12_dichloroethylene,0.7312462006079028,30000.0,fly,P2_config,1.0,219
cis_12_dichloroethylene,0.7343465045592704,30000.0,fly,P2_config,1.0,443
trans_12_dichloroethylene,1.8443161094224925,30.0,fly,P2_config,0.0,137
trans_12_dichloroethylene,1.8532522796352584,30.0,fly,P2_config,0.0,42
trans_12_dichloroethylene,1.855957446808511,30.0,fly,P2_config,0.0,331
trans_12_dichloroethylene,1.8500911854103348,30.0,fly,P2_config,0.0,443
trans_12_dichloroethylene,1.8479939209726441,100.0,fly,P2_config,0.0,42
trans_12_dichloroethylene,1.8536474164133738,30.0,fly,P2_config,0.0,219
trans_12_dichloroethylene,1.8481155015197566,100.0,fly,P2_config,0.0,219
trans_12_dichloroethylene,1.849787234042553,100.0,fly,P2_config,0.0,331
trans_12_dichloroethylene,1.8443768996960483,100.0,fly,P2_config,0.0,443
trans_12_dichloroethylene,1.8345592705167173,300.0,fly,P2_config,0.0,42
trans_12_dichloroethylene,1.8244984802431607,300.0,fly,P2_config,0.0,137
trans_12_dichloroethylene,1.8398784194528879,100.0,fly,P2_config,0.0,137
trans_12_dichloroethylene,1.8337689969604867,300.0,fly,P2_config,0.0,219
trans_12_dichloroethylene,1.8296352583586628,300.0,fly,P2_config,0.0,443
trans_12_dichloroethylene,1.795835866261398,1000.0,fly,P2_config,0.0,42
trans_12_dichloroethylene,1.7886018237082069,1000.0,fly,P2_config,0.0,137
trans_12_dichloroethylene,1.8354103343465045,300.0,fly,P2_config,0.0,331
trans_12_dichloroethylene,1.7967781155015194,1000.0,fly,P2_config,0.0,219
trans_12_dichloroethylene,1.7980851063829784,1000.0,fly,P2_config,0.0,331
trans_12_dichloroethylene,1.7406686930091184,3000.0,fly,P2_config,0.0,42
trans_12_dichloroethylene,1.7931306990881455,1000.0,fly,P2_config,0.0,443
trans_12_dichloroethylene,1.72887537993921,3000.0,fly,P2_config,0.0,137
trans_12_dichloroethylene,1.739088145896656,3000.0,fly,P2_config,0.0,219
trans_12_dichloroethylene,1.7415501519756842,3000.0,fly,P2_config,0.0,331
trans_12_dichloroethylene,1.6821276595744685,10000.0,fly,P2_config,0.0,42
trans_12_dichloroethylene,1.6698480243161093,10000.0,fly,P2_config,0.0,137
trans_12_dichloroethylene,1.6778723404255316,10000.0,fly,P2_config,0.0,219
trans_12_dichloroethylene,1.740303951367781,3000.0,fly,P2_config,0.0,443
trans_12_dichloroethylene,1.6824012158054709,10000.0,fly,P2_config,0.0,443
trans_12_dichloroethylene,1.6840729483282673,10000.0,fly,P2_config,0.0,331
trans_12_dichloroethylene,1.6531003039513679,30000.0,fly,P2_config,0.0,42
trans_12_dichloroethylene,1.6402431610942252,30000.0,fly,P2_config,0.0,137
trans_12_dichloroethylene,1.64838905775076,30000.0,fly,P2_config,0.0,219
trans_12_dichloroethylene,1.6532522796352587,30000.0,fly,P2_config,0.0,331
hexafluoroethane,1.8541945288753803,30.0,fly,P2_config,0.0,42
trans_12_dichloroethylene,1.653677811550152,30000.0,fly,P2_config,0.0,443
hexafluoroethane,1.8453191489361707,30.0,fly,P2_config,0.0,137
hexafluoroethane,1.8546200607902739,30.0,fly,P2_config,0.0,219
hexafluoroethane,1.856838905775076,30.0,fly,P2_config,0.0,331
hexafluoroethane,1.8512462006079027,30.0,fly,P2_config,0.0,443
hexafluoroethane,1.8505775075987845,100.0,fly,P2_config,0.0,42
hexafluoroethane,1.8424620060790269,100.0,fly,P2_config,0.0,137
hexafluoroethane,1.851367781155015,100.0,fly,P2_config,0.0,219
hexafluoroethane,1.853161094224924,100.0,fly,P2_config,0.0,331
hexafluoroethane,1.8424316109422494,300.0,fly,P2_config,0.0,42
hexafluoroethane,1.833495440729483,300.0,fly,P2_config,0.0,137
hexafluoroethane,1.838145896656535,300.0,fly,P2_config,0.0,443
hexafluoroethane,1.8442553191489364,300.0,fly,P2_config,0.0,331
hexafluoroethane,1.8421884498480248,300.0,fly,P2_config,0.0,219
hexafluoroethane,1.8475379939209724,100.0,fly,P2_config,0.0,443
hexafluoroethane,1.8167173252279634,1000.0,fly,P2_config,0.0,42
hexafluoroethane,1.8075987841945291,1000.0,fly,P2_config,0.0,137
hexafluoroethane,1.815562310030395,1000.0,fly,P2_config,0.0,219
hexafluoroethane,1.816018237082067,1000.0,fly,P2_config,0.0,331
hexafluoroethane,1.8118844984802434,1000.0,fly,P2_config,0.0,443
hexafluoroethane,1.7694832826747722,3000.0,fly,P2_config,0.0,42
hexafluoroethane,1.7586930091185413,3000.0,fly,P2_config,0.0,137
hexafluoroethane,1.7675075987841944,3000.0,fly,P2_config,0.0,219
hexafluoroethane,1.7672644376899695,3000.0,fly,P2_config,0.0,443
hexafluoroethane,1.7696960486322186,3000.0,fly,P2_config,0.0,331
hexafluoroethane,1.7050759878419455,10000.0,fly,P2_config,0.0,42
hexafluoroethane,1.7006686930091184,10000.0,fly,P2_config,0.0,219
hexafluoroethane,1.7041033434650457,10000.0,fly,P2_config,0.0,331
hexafluoroethane,1.7032522796352583,10000.0,fly,P2_config,0.0,443
halothane,21.6175,10.0,worm,P3_block,0.0,42
hexafluoroethane,1.6638601823708203,30000.0,fly,P2_config,0.0,42
hexafluoroethane,1.6912158054711244,10000.0,fly,P2_config,0.0,137
halothane,20.76625,10.0,worm,P3_block,0.0,137
hexafluoroethane,1.6507598784194528,30000.0,fly,P2_config,0.0,137
halothane,20.4075,10.0,worm,P3_block,0.0,331
hexafluoroethane,1.6636474164133739,30000.0,fly,P2_config,0.0,331
halothane,20.37375,10.0,worm,P3_block,0.0,443
halothane,21.00375,10.0,worm,P3_block,0.0,219
hexafluoroethane,1.6642553191489362,30000.0,fly,P2_config,0.0,443
hexafluoroethane,1.6594528875379941,30000.0,fly,P2_config,0.0,219
halothane,17.66,30.0,worm,P3_block,0.0,42
halothane,17.4825,30.0,worm,P3_block,0.0,219
halothane,17.22375,30.0,worm,P3_block,0.0,331
halothane,17.2525,30.0,worm,P3_block,0.0,443
halothane,10.35,100.0,worm,P3_block,0.0,137
halothane,17.6225,30.0,worm,P3_block,0.0,137
halothane,10.41375,100.0,worm,P3_block,0.0,219
halothane,10.475,100.0,worm,P3_block,0.01,331
halothane,10.2875,100.0,worm,P3_block,0.0,42
halothane,10.2125,100.0,worm,P3_block,0.01,443
halothane,5.34,200.0,worm,P3_block,0.13,42
halothane,5.50625,200.0,worm,P3_block,0.16,137
halothane,5.56375,200.0,worm,P3_block,0.11,219
halothane,5.43875,200.0,worm,P3_block,0.16,443
halothane,3.33375,300.0,worm,P3_block,0.42,42
halothane,3.29875,300.0,worm,P3_block,0.46,219
halothane,3.53,300.0,worm,P3_block,0.44,331
halothane,3.23375,300.0,worm,P3_block,0.45,443
halothane,5.44875,200.0,worm,P3_block,0.11,331
halothane,1.70375,500.0,worm,P3_block,0.84,42
halothane,3.12125,300.0,worm,P3_block,0.5,137
halothane,1.71875,500.0,worm,P3_block,0.87,137
halothane,1.6975,500.0,worm,P3_block,0.85,219
halothane,1.8225,500.0,worm,P3_block,0.86,331
halothane,1.805,500.0,worm,P3_block,0.79,443
halothane,0.71875,1000.0,worm,P3_block,0.99,42
halothane,0.76875,1000.0,worm,P3_block,0.99,219
halothane,0.74625,1000.0,worm,P3_block,1.0,443
halothane,0.67625,1000.0,worm,P3_block,0.99,137
halothane,0.32125,3000.0,worm,P3_block,1.0,42
halothane,0.26375,3000.0,worm,P3_block,1.0,137
halothane,0.295,3000.0,worm,P3_block,1.0,219
halothane,0.31,3000.0,worm,P3_block,1.0,331
halothane,0.8475,1000.0,worm,P3_block,0.99,331
halothane,0.32,3000.0,worm,P3_block,1.0,443
cis_12_dichloroethylene,21.5825,30.0,worm,P3_block,0.0,42
cis_12_dichloroethylene,21.0725,30.0,worm,P3_block,0.0,219
cis_12_dichloroethylene,20.53875,30.0,worm,P3_block,0.0,331
cis_12_dichloroethylene,20.47375,30.0,worm,P3_block,0.0,443
cis_12_dichloroethylene,17.5,100.0,worm,P3_block,0.0,42
cis_12_dichloroethylene,17.34875,100.0,worm,P3_block,0.0,219
cis_12_dichloroethylene,20.81875,30.0,worm,P3_block,0.0,137
cis_12_dichloroethylene,16.98625,100.0,worm,P3_block,0.0,331
cis_12_dichloroethylene,17.1575,100.0,worm,P3_block,0.0,137
cis_12_dichloroethylene,11.195,300.0,worm,P3_block,0.0,42
cis_12_dichloroethylene,17.13875,100.0,worm,P3_block,0.0,443
cis_12_dichloroethylene,10.90375,300.0,worm,P3_block,0.0,137
cis_12_dichloroethylene,11.2025,300.0,worm,P3_block,0.0,219
cis_12_dichloroethylene,11.39875,300.0,worm,P3_block,0.0,331
cis_12_dichloroethylene,4.3675,1000.0,worm,P3_block,0.25,42
cis_12_dichloroethylene,4.2025,1000.0,worm,P3_block,0.28,219
cis_12_dichloroethylene,4.27,1000.0,worm,P3_block,0.25,331
cis_12_dichloroethylene,10.98,300.0,worm,P3_block,0.01,443
cis_12_dichloroethylene,4.04875,1000.0,worm,P3_block,0.28,443
cis_12_dichloroethylene,1.51625,3000.0,worm,P3_block,0.89,42
cis_12_dichloroethylene,1.57875,3000.0,worm,P3_block,0.88,137
cis_12_dichloroethylene,4.08,1000.0,worm,P3_block,0.29,137
cis_12_dichloroethylene,1.61875,3000.0,worm,P3_block,0.85,219
cis_12_dichloroethylene,1.65375,3000.0,worm,P3_block,0.88,331
cis_12_dichloroethylene,1.57625,3000.0,worm,P3_block,0.84,443
cis_12_dichloroethylene,0.88375,10000.0,worm,P3_block,0.95,137
cis_12_dichloroethylene,0.9125,10000.0,worm,P3_block,0.98,219
cis_12_dichloroethylene,0.9075,10000.0,worm,P3_block,0.99,331
cis_12_dichloroethylene,0.88,10000.0,worm,P3_block,0.96,42
cis_12_dichloroethylene,0.6975,30000.0,worm,P3_block,0.99,42
cis_12_dichloroethylene,0.6825,30000.0,worm,P3_block,0.97,137
cis_12_dichloroethylene,0.77125,30000.0,worm,P3_block,0.99,219
cis_12_dichloroethylene,0.91875,10000.0,worm,P3_block,0.97,443
cis_12_dichloroethylene,0.6925,30000.0,worm,P3_block,0.98,443
cis_12_dichloroethylene,0.7525,30000.0,worm,P3_block,1.0,331
trans_12_dichloroethylene,23.39,30.0,worm,P3_block,0.0,42
trans_12_dichloroethylene,22.75375,30.0,worm,P3_block,0.0,219
trans_12_dichloroethylene,22.465,30.0,worm,P3_block,0.0,331
trans_12_dichloroethylene,22.31875,30.0,worm,P3_block,0.0,443
trans_12_dichloroethylene,22.39625,100.0,worm,P3_block,0.0,137
trans_12_dichloroethylene,22.55625,100.0,worm,P3_block,0.0,219
trans_12_dichloroethylene,22.565,30.0,worm,P3_block,0.0,137
trans_12_dichloroethylene,22.415,100.0,worm,P3_block,0.0,331
trans_12_dichloroethylene,23.3175,100.0,worm,P3_block,0.0,42
trans_12_dichloroethylene,22.23625,100.0,worm,P3_block,0.0,443
trans_12_dichloroethylene,23.00625,300.0,worm,P3_block,0.0,42
trans_12_dichloroethylene,22.12375,300.0,worm,P3_block,0.0,137
trans_12_dichloroethylene,22.08625,300.0,worm,P3_block,0.0,331
trans_12_dichloroethylene,22.09375,300.0,worm,P3_block,0.0,219
trans_12_dichloroethylene,22.12125,1000.0,worm,P3_block,0.0,42
trans_12_dichloroethylene,20.935,1000.0,worm,P3_block,0.0,331
trans_12_dichloroethylene,21.4,1000.0,worm,P3_block,0.0,219
trans_12_dichloroethylene,21.94375,300.0,worm,P3_block,0.0,443
trans_12_dichloroethylene,21.0575,1000.0,worm,P3_block,0.0,443
trans_12_dichloroethylene,20.64,3000.0,worm,P3_block,0.0,42
trans_12_dichloroethylene,19.875,3000.0,worm,P3_block,0.0,137
trans_12_dichloroethylene,21.0975,1000.0,worm,P3_block,0.0,137
trans_12_dichloroethylene,20.31,3000.0,worm,P3_block,0.0,219
trans_12_dichloroethylene,19.72,3000.0,worm,P3_block,0.0,331
trans_12_dichloroethylene,19.4475,3000.0,worm,P3_block,0.0,443
trans_12_dichloroethylene,18.38125,10000.0,worm,P3_block,0.0,137
trans_12_dichloroethylene,18.84125,10000.0,worm,P3_block,0.0,219
trans_12_dichloroethylene,18.03125,30000.0,worm,P3_block,0.0,42
trans_12_dichloroethylene,18.31125,10000.0,worm,P3_block,0.0,331
trans_12_dichloroethylene,18.67375,10000.0,worm,P3_block,0.0,42
trans_12_dichloroethylene,18.23375,30000.0,worm,P3_block,0.0,219
trans_12_dichloroethylene,17.57125,30000.0,worm,P3_block,0.0,137
trans_12_dichloroethylene,18.09125,10000.0,worm,P3_block,0.0,443
trans_12_dichloroethylene,17.785,30000.0,worm,P3_block,0.0,331
trans_12_dichloroethylene,17.455,30000.0,worm,P3_block,0.0,443
hexafluoroethane,23.4225,30.0,worm,P3_block,0.0,42
hexafluoroethane,22.37,30.0,worm,P3_block,0.0,443
hexafluoroethane,22.565,30.0,worm,P3_block,0.0,137
hexafluoroethane,22.46875,30.0,worm,P3_block,0.0,331
hexafluoroethane,22.44375,100.0,worm,P3_block,0.0,137
hexafluoroethane,22.765,30.0,worm,P3_block,0.0,219
hexafluoroethane,22.44875,100.0,worm,P3_block,0.0,331
hexafluoroethane,22.6725,100.0,worm,P3_block,0.0,219
hexafluoroethane,23.3575,100.0,worm,P3_block,0.0,42
hexafluoroethane,22.30625,100.0,worm,P3_block,0.0,443
hexafluoroethane,22.27125,300.0,worm,P3_block,0.0,137
hexafluoroethane,22.35625,300.0,worm,P3_block,0.0,219
hexafluoroethane,23.215,300.0,worm,P3_block,0.0,42
hexafluoroethane,22.53125,1000.0,worm,P3_block,0.0,42
hexafluoroethane,22.12875,300.0,worm,P3_block,0.0,443
hexafluoroethane,22.1475,300.0,worm,P3_block,0.0,331
hexafluoroethane,21.70375,1000.0,worm,P3_block,0.0,137
hexafluoroethane,21.4375,1000.0,worm,P3_block,0.0,331
hexafluoroethane,21.42875,1000.0,worm,P3_block,0.0,443
hexafluoroethane,21.45625,3000.0,worm,P3_block,0.0,42
hexafluoroethane,21.73625,1000.0,worm,P3_block,0.0,219
hexafluoroethane,20.45875,3000.0,worm,P3_block,0.0,137
hexafluoroethane,20.2875,3000.0,worm,P3_block,0.0,331
hexafluoroethane,21.015,3000.0,worm,P3_block,0.0,219
hexafluoroethane,20.3825,3000.0,worm,P3_block,0.0,443
hexafluoroethane,19.335,10000.0,worm,P3_block,0.0,42
hexafluoroethane,18.87875,10000.0,worm,P3_block,0.0,137
hexafluoroethane,19.34125,10000.0,worm,P3_block,0.0,219
hexafluoroethane,18.645,10000.0,worm,P3_block,0.0,443
hexafluoroethane,18.195,30000.0,worm,P3_block,0.0,42
hexafluoroethane,18.41375,30000.0,worm,P3_block,0.0,219
hexafluoroethane,18.92625,10000.0,worm,P3_block,0.0,331
hexafluoroethane,18.0175,30000.0,worm,P3_block,0.0,331
hexafluoroethane,17.55375,30000.0,worm,P3_block,0.0,443
hexafluoroethane,17.93125,30000.0,worm,P3_block,0.0,137
halothane,1.6915197568389062,10.0,fly,P3_block,0.0,331
halothane,1.6977203647416417,10.0,fly,P3_block,0.0,42
halothane,1.6910638297872342,10.0,fly,P3_block,0.0,443
halothane,1.5919756838905774,30.0,fly,P3_block,0.0,42
halothane,1.5744984802431612,30.0,fly,P3_block,0.0,137
halothane,1.6793617021276597,10.0,fly,P3_block,0.0,137
halothane,1.5813069908814585,30.0,fly,P3_block,0.0,219
halothane,1.6867173252279632,10.0,fly,P3_block,0.0,219
halothane,1.5853799392097263,30.0,fly,P3_block,0.0,331
halothane,1.3418844984802432,100.0,fly,P3_block,0.0,42
halothane,1.320729483282675,100.0,fly,P3_block,0.0,137
halothane,1.5822796352583581,30.0,fly,P3_block,0.0,443
halothane,1.3340425531914897,100.0,fly,P3_block,0.0,219
halothane,1.33629179331307,100.0,fly,P3_block,0.0,443
halothane,1.3349240121580548,100.0,fly,P3_block,0.0,331
halothane,1.1514589665653494,200.0,fly,P3_block,0.01,42
halothane,1.145775075987842,200.0,fly,P3_block,0.0,331
halothane,1.1407294832826749,200.0,fly,P3_block,0.02,219
halothane,1.1467477203647418,200.0,fly,P3_block,0.01,443
halothane,1.130243161094225,200.0,fly,P3_block,0.01,137
halothane,1.0253799392097265,300.0,fly,P3_block,0.35,137
halothane,1.0375379939209726,300.0,fly,P3_block,0.23,331
halothane,1.0399999999999998,300.0,fly,P3_block,0.24,42
halothane,1.0325531914893615,300.0,fly,P3_block,0.28,219
halothane,1.0388145896656538,300.0,fly,P3_block,0.31,443
halothane,0.9130699088145897,500.0,fly,P3_block,0.92,219
halothane,0.9074772036474164,500.0,fly,P3_block,0.93,137
halothane,0.9152887537993921,500.0,fly,P3_block,0.93,42
halothane,0.9224316109422491,500.0,fly,P3_block,0.91,443
halothane,0.7883890577507598,1000.0,fly,P3_block,1.0,137
halothane,0.9161702127659574,500.0,fly,P3_block,0.97,331
halothane,0.7970212765957446,1000.0,fly,P3_block,1.0,42
halothane,0.7953495440729483,1000.0,fly,P3_block,1.0,219
halothane,0.7978723404255318,1000.0,fly,P3_block,1.0,331
halothane,0.8017021276595745,1000.0,fly,P3_block,1.0,443
halothane,0.6970516717325228,3000.0,fly,P3_block,1.0,42
halothane,0.6995744680851063,3000.0,fly,P3_block,1.0,331
halothane,0.6913069908814591,3000.0,fly,P3_block,1.0,137
halothane,0.6946200607902735,3000.0,fly,P3_block,1.0,219
halothane,0.7007902735562311,3000.0,fly,P3_block,1.0,443
cis_12_dichloroethylene,1.697507598784195,30.0,fly,P3_block,0.0,42
cis_12_dichloroethylene,1.679179331306991,30.0,fly,P3_block,0.0,137
cis_12_dichloroethylene,1.6903951367781156,30.0,fly,P3_block,0.0,331
cis_12_dichloroethylene,1.6864437689969605,30.0,fly,P3_block,0.0,219
cis_12_dichloroethylene,1.690699088145897,30.0,fly,P3_block,0.0,443
cis_12_dichloroethylene,1.5746504559270518,100.0,fly,P3_block,0.0,42
cis_12_dichloroethylene,1.5645896656534952,100.0,fly,P3_block,0.0,219
cis_12_dichloroethylene,1.5587841945288756,100.0,fly,P3_block,0.0,137
cis_12_dichloroethylene,1.5666565349544073,100.0,fly,P3_block,0.0,443
cis_12_dichloroethylene,1.5691793313069906,100.0,fly,P3_block,0.0,331
cis_12_dichloroethylene,1.327659574468085,300.0,fly,P3_block,0.0,137
cis_12_dichloroethylene,1.3474468085106381,300.0,fly,P3_block,0.0,42
cis_12_dichloroethylene,1.34048632218845,300.0,fly,P3_block,0.0,219
cis_12_dichloroethylene,1.3405167173252281,300.0,fly,P3_block,0.0,331
cis_12_dichloroethylene,1.3422188449848023,300.0,fly,P3_block,0.0,443
cis_12_dichloroethylene,1.0258966565349545,1000.0,fly,P3_block,0.38,137
cis_12_dichloroethylene,1.0338905775075988,1000.0,fly,P3_block,0.27,219
cis_12_dichloroethylene,1.0385410334346503,1000.0,fly,P3_block,0.23,331
cis_12_dichloroethylene,1.0406382978723405,1000.0,fly,P3_block,0.21,42
cis_12_dichloroethylene,0.8447416413373859,3000.0,fly,P3_block,1.0,42
cis_12_dichloroethylene,1.0406382978723405,1000.0,fly,P3_block,0.27,443
cis_12_dichloroethylene,0.837386018237082,3000.0,fly,P3_block,1.0,137
cis_12_dichloroethylene,0.8437689969604861,3000.0,fly,P3_block,1.0,219
cis_12_dichloroethylene,0.8472948328267477,3000.0,fly,P3_block,1.0,331
cis_12_dichloroethylene,0.8514893617021276,3000.0,fly,P3_block,1.0,443
cis_12_dichloroethylene,0.7519756838905777,10000.0,fly,P3_block,1.0,42
cis_12_dichloroethylene,0.7458358662613983,10000.0,fly,P3_block,1.0,137
cis_12_dichloroethylene,0.7506686930091184,10000.0,fly,P3_block,1.0,219
cis_12_dichloroethylene,0.7558966565349544,10000.0,fly,P3_block,1.0,331
cis_12_dichloroethylene,0.7568693009118541,10000.0,fly,P3_block,1.0,443
cis_12_dichloroethylene,0.7224924012158054,30000.0,fly,P3_block,1.0,42
cis_12_dichloroethylene,0.7168085106382979,30000.0,fly,P3_block,1.0,137
cis_12_dichloroethylene,0.7211246200607903,30000.0,fly,P3_block,1.0,219
cis_12_dichloroethylene,0.7254103343465046,30000.0,fly,P3_block,1.0,331
cis_12_dichloroethylene,0.7268085106382979,30000.0,fly,P3_block,1.0,443
trans_12_dichloroethylene,1.7588449848024315,30.0,fly,P3_block,0.0,42
trans_12_dichloroethylene,1.7431306990881459,30.0,fly,P3_block,0.0,137
trans_12_dichloroethylene,1.748905775075988,30.0,fly,P3_block,0.0,219
trans_12_dichloroethylene,1.7520060790273555,30.0,fly,P3_block,0.0,331
trans_12_dichloroethylene,1.7542249240121577,100.0,fly,P3_block,0.0,42
trans_12_dichloroethylene,1.7543768996960487,30.0,fly,P3_block,0.0,443
trans_12_dichloroethylene,1.737963525835866,100.0,fly,P3_block,0.0,137
trans_12_dichloroethylene,1.7438905775075988,100.0,fly,P3_block,0.0,219
trans_12_dichloroethylene,1.7465957446808513,100.0,fly,P3_block,0.0,331
trans_12_dichloroethylene,1.7489969604863225,100.0,fly,P3_block,0.0,443
trans_12_dichloroethylene,1.7421884498480245,300.0,fly,P3_block,0.0,42
trans_12_dichloroethylene,1.7247416413373855,300.0,fly,P3_block,0.0,137
trans_12_dichloroethylene,1.7310334346504563,300.0,fly,P3_block,0.0,219
trans_12_dichloroethylene,1.73419452887538,300.0,fly,P3_block,0.0,331
trans_12_dichloroethylene,1.7361094224924012,300.0,fly,P3_block,0.0,443
trans_12_dichloroethylene,1.7084498480243164,1000.0,fly,P3_block,0.0,42
trans_12_dichloroethylene,1.6900303951367783,1000.0,fly,P3_block,0.0,137
trans_12_dichloroethylene,1.6968389057750761,1000.0,fly,P3_block,0.0,219
trans_12_dichloroethylene,1.7014893617021274,1000.0,fly,P3_block,0.0,331
trans_12_dichloroethylene,1.7026139817629184,1000.0,fly,P3_block,0.0,443
trans_12_dichloroethylene,1.655562310030395,3000.0,fly,P3_block,0.0,42
trans_12_dichloroethylene,1.6398784194528877,3000.0,fly,P3_block,0.0,137
trans_12_dichloroethylene,1.6445592705167178,3000.0,fly,P3_block,0.0,219
trans_12_dichloroethylene,1.6504559270516714,3000.0,fly,P3_block,0.0,331
trans_12_dichloroethylene,1.6506079027355625,3000.0,fly,P3_block,0.0,443
trans_12_dichloroethylene,1.6030395136778117,10000.0,fly,P3_block,0.0,42
trans_12_dichloroethylene,1.5859574468085103,10000.0,fly,P3_block,0.0,137
trans_12_dichloroethylene,1.593404255319149,10000.0,fly,P3_block,0.0,219
trans_12_dichloroethylene,1.5984194528875384,10000.0,fly,P3_block,0.0,331
trans_12_dichloroethylene,1.5963829787234038,10000.0,fly,P3_block,0.0,443
trans_12_dichloroethylene,1.5764437689969606,30000.0,fly,P3_block,0.0,42
trans_12_dichloroethylene,1.5595440729483283,30000.0,fly,P3_block,0.0,137
trans_12_dichloroethylene,1.5649240121580548,30000.0,fly,P3_block,0.0,219
trans_12_dichloroethylene,1.5703647416413375,30000.0,fly,P3_block,0.0,331
trans_12_dichloroethylene,1.5678115501519754,30000.0,fly,P3_block,0.0,443
hexafluoroethane,1.7593920972644375,30.0,fly,P3_block,0.0,42
hexafluoroethane,1.7441945288753797,30.0,fly,P3_block,0.0,137
hexafluoroethane,1.75,30.0,fly,P3_block,0.0,219
hexafluoroethane,1.7527659574468084,30.0,fly,P3_block,0.0,331
hexafluoroethane,1.7555927051671731,30.0,fly,P3_block,0.0,443
hexafluoroethane,1.7565349544072948,100.0,fly,P3_block,0.0,42
hexafluoroethane,1.7463829787234046,100.0,fly,P3_block,0.0,219
hexafluoroethane,1.749939209726444,100.0,fly,P3_block,0.0,331
hexafluoroethane,1.7407598784194525,100.0,fly,P3_block,0.0,137
hexafluoroethane,1.752006079027356,100.0,fly,P3_block,0.0,443
hexafluoroethane,1.7488145896656533,300.0,fly,P3_block,0.0,42
hexafluoroethane,1.7324620060790275,300.0,fly,P3_block,0.0,137
hexafluoroethane,1.7381762917933132,300.0,fly,P3_block,0.0,219
hexafluoroethane,1.741094224924012,300.0,fly,P3_block,0.0,331
hexafluoroethane,1.7438905775075986,300.0,fly,P3_block,0.0,443
hexafluoroethane,1.7257750759878416,1000.0,fly,P3_block,0.0,42
hexafluoroethane,1.7145592705167172,1000.0,fly,P3_block,0.0,219
hexafluoroethane,1.7187841945288755,1000.0,fly,P3_block,0.0,331
hexafluoroethane,1.7199696048632223,1000.0,fly,P3_block,0.0,443
hexafluoroethane,1.6824316109422492,3000.0,fly,P3_block,0.0,42
hexafluoroethane,1.707325227963526,1000.0,fly,P3_block,0.0,137
hexafluoroethane,1.6640729483282672,3000.0,fly,P3_block,0.0,137
hexafluoroethane,1.670455927051672,3000.0,fly,P3_block,0.0,219
hexafluoroethane,1.6761398176291795,3000.0,fly,P3_block,0.0,443
hexafluoroethane,1.676139817629179,3000.0,fly,P3_block,0.0,331
hexafluoroethane,1.6061398176291792,10000.0,fly,P3_block,0.0,137
hexafluoroethane,1.6130091185410333,10000.0,fly,P3_block,0.0,219
hexafluoroethane,1.6188449848024318,10000.0,fly,P3_block,0.0,331
hexafluoroethane,1.6232218844984803,10000.0,fly,P3_block,0.0,42
hexafluoroethane,1.6161702127659574,10000.0,fly,P3_block,0.0,443
hexafluoroethane,1.58565349544073,30000.0,fly,P3_block,0.0,42
hexafluoroethane,1.5690881458966566,30000.0,fly,P3_block,0.0,137
hexafluoroethane,1.5759270516717327,30000.0,fly,P3_block,0.0,219
hexafluoroethane,1.578115501519757,30000.0,fly,P3_block,0.0,443
hexafluoroethane,1.5808206686930095,30000.0,fly,P3_block,0.0,331
